date,ward_id,ward_code,ward_name,demand_liters,dry_pipe_hours,historical_deficit,scenario_flag,synthetic,seed,generator_version,generated_at
2026-08-14,1,M/E,Govandi / Mankhurd / Shivaji Nagar,32889,56.8,0.85,SCENARIO_1_NORMAL,true,42,2.0.0,2026-09-18T12:00:00Z
2026-08-14,2,G/N,Dharavi / Mahim / Dadar West,27032,47.1,0.75,SCENARIO_1_NORMAL,true,42,2.0.0,2026-09-18T12:00:00Z
2026-08-14,3,L,Kurla / Asalpha / Sakinaka,24682,51.0,0.69,SCENARIO_1_NORMAL,true,42,2.0.0,2026-09-18T12:00:00Z
2026-08-14,4,P/N,Malad / Marve / Malvani,20185,43.0,0.58,SCENARIO_1_NORMAL,true,42,2.0.0,2026-09-18T12:00:00Z
2026-08-14,5,F/N,Matunga / Sion / Wadala,15145,45.0,0.57,SCENARIO_1_NORMAL,true,42,2.0.0,2026-09-18T12:00:00Z
2026-08-14,6,H/E,Bandra East / Santacruz East,13886,38.5,0.51,SCENARIO_1_NORMAL,true,42,2.0.0,2026-09-18T12:00:00Z
2026-08-14,7,S,Bhandup / Kanjurmarg / Powai,16021,38.5,0.47,SCENARIO_1_NORMAL,true,42,2.0.0,2026-09-18T12:00:00Z
2026-08-14,8,K/E,Andheri East / Marol,14117,37.1,0.51,SCENARIO_1_NORMAL,true,42,2.0.0,2026-09-18T12:00:00Z
2026-08-14,9,N,Ghatkopar / Pant Nagar,12034,32.1,0.5,SCENARIO_1_NORMAL,true,42,2.0.0,2026-09-18T12:00:00Z
2026-08-14,10,P/S,Goregaon West & East,10003,34.7,0.4,SCENARIO_1_NORMAL,true,42,2.0.0,2026-09-18T12:00:00Z
2026-08-14,11,M/W,Chembur West / Tilak Nagar,10211,29.9,0.37,SCENARIO_1_NORMAL,true,42,2.0.0,2026-09-18T12:00:00Z
2026-08-14,12,R/S,Kandivali West & East,8775,30.4,0.41,SCENARIO_1_NORMAL,true,42,2.0.0,2026-09-18T12:00:00Z
2026-08-14,13,T,Mulund / Nahur,6716,31.1,0.34,SCENARIO_1_NORMAL,true,42,2.0.0,2026-09-18T12:00:00Z
2026-08-14,14,R/C,Borivali / Gorai,8244,25.0,0.31,SCENARIO_1_NORMAL,true,42,2.0.0,2026-09-18T12:00:00Z
2026-08-14,15,K/W,Andheri West / Versova,5800,5.0,0.13,SCENARIO_1_NORMAL,true,42,2.0.0,2026-09-18T12:00:00Z
2026-08-14,16,R/N,Dahisar / Mandapeshwar,5691,24.8,0.31,SCENARIO_1_NORMAL,true,42,2.0.0,2026-09-18T12:00:00Z
2026-08-14,17,E,Byculla / Mazgaon / Nagpada,4912,29.7,0.38,SCENARIO_1_NORMAL,true,42,2.0.0,2026-09-18T12:00:00Z
2026-08-14,18,F/S,Parel / Sewri / Lalbaug,4062,26.4,0.35,SCENARIO_1_NORMAL,true,42,2.0.0,2026-09-18T12:00:00Z
2026-08-14,19,G/S,Worli / Lower Parel,4143,18.7,0.25,SCENARIO_1_NORMAL,true,42,2.0.0,2026-09-18T12:00:00Z
2026-08-14,20,B,Sandhurst Road / Dongri,2946,18.4,0.27,SCENARIO_1_NORMAL,true,42,2.0.0,2026-09-18T12:00:00Z
2026-08-14,21,H/W,Bandra West / Khar,3642,10.5,0.24,SCENARIO_1_NORMAL,true,42,2.0.0,2026-09-18T12:00:00Z
2026-08-14,22,C,Marine Lines / Chandanwadi,3406,19.7,0.27,SCENARIO_1_NORMAL,true,42,2.0.0,2026-09-18T12:00:00Z
2026-08-14,23,A,Colaba / Fort / Nariman Point,2595,11.7,0.17,SCENARIO_1_NORMAL,true,42,2.0.0,2026-09-18T12:00:00Z
2026-08-14,24,D,Malabar Hill / Walkeshwar,400,4.9,0.14,SCENARIO_1_NORMAL,true,42,2.0.0,2026-09-18T12:00:00Z
2026-08-15,1,M/E,Govandi / Mankhurd / Shivaji Nagar,32566,59.3,0.84,SCENARIO_1_NORMAL,true,42,2.0.0,2026-09-18T12:00:00Z
2026-08-15,2,G/N,Dharavi / Mahim / Dadar West,28071,52.5,0.7,SCENARIO_1_NORMAL,true,42,2.0.0,2026-09-18T12:00:00Z
2026-08-15,3,L,Kurla / Asalpha / Sakinaka,23044,46.4,0.61,SCENARIO_1_NORMAL,true,42,2.0.0,2026-09-18T12:00:00Z
2026-08-15,4,P/N,Malad / Marve / Malvani,20309,42.8,0.56,SCENARIO_1_NORMAL,true,42,2.0.0,2026-09-18T12:00:00Z
2026-08-15,5,F/N,Matunga / Sion / Wadala,15546,44.2,0.53,SCENARIO_1_NORMAL,true,42,2.0.0,2026-09-18T12:00:00Z
2026-08-15,6,H/E,Bandra East / Santacruz East,13903,34.6,0.51,SCENARIO_1_NORMAL,true,42,2.0.0,2026-09-18T12:00:00Z
2026-08-15,7,S,Bhandup / Kanjurmarg / Powai,16277,39.6,0.52,SCENARIO_1_NORMAL,true,42,2.0.0,2026-09-18T12:00:00Z
2026-08-15,8,K/E,Andheri East / Marol,12592,38.6,0.5,SCENARIO_1_NORMAL,true,42,2.0.0,2026-09-18T12:00:00Z
2026-08-15,9,N,Ghatkopar / Pant Nagar,10904,36.7,0.42,SCENARIO_1_NORMAL,true,42,2.0.0,2026-09-18T12:00:00Z
2026-08-15,10,P/S,Goregaon West & East,9897,27.1,0.39,SCENARIO_1_NORMAL,true,42,2.0.0,2026-09-18T12:00:00Z
2026-08-15,11,M/W,Chembur West / Tilak Nagar,9883,29.9,0.38,SCENARIO_1_NORMAL,true,42,2.0.0,2026-09-18T12:00:00Z
2026-08-15,12,R/S,Kandivali West & East,9250,28.6,0.36,SCENARIO_1_NORMAL,true,42,2.0.0,2026-09-18T12:00:00Z
2026-08-15,13,T,Mulund / Nahur,7642,25.9,0.35,SCENARIO_1_NORMAL,true,42,2.0.0,2026-09-18T12:00:00Z
2026-08-15,14,R/C,Borivali / Gorai,7680,23.3,0.36,SCENARIO_1_NORMAL,true,42,2.0.0,2026-09-18T12:00:00Z
2026-08-15,15,K/W,Andheri West / Versova,6439,4.7,0.09,SCENARIO_1_NORMAL,true,42,2.0.0,2026-09-18T12:00:00Z
2026-08-15,16,R/N,Dahisar / Mandapeshwar,5776,27.7,0.36,SCENARIO_1_NORMAL,true,42,2.0.0,2026-09-18T12:00:00Z
2026-08-15,17,E,Byculla / Mazgaon / Nagpada,5636,24.1,0.41,SCENARIO_1_NORMAL,true,42,2.0.0,2026-09-18T12:00:00Z
2026-08-15,18,F/S,Parel / Sewri / Lalbaug,5689,25.9,0.34,SCENARIO_1_NORMAL,true,42,2.0.0,2026-09-18T12:00:00Z
2026-08-15,19,G/S,Worli / Lower Parel,5430,17.5,0.23,SCENARIO_1_NORMAL,true,42,2.0.0,2026-09-18T12:00:00Z
2026-08-15,20,B,Sandhurst Road / Dongri,3513,26.0,0.3,SCENARIO_1_NORMAL,true,42,2.0.0,2026-09-18T12:00:00Z
2026-08-15,21,H/W,Bandra West / Khar,3700,13.5,0.22,SCENARIO_1_NORMAL,true,42,2.0.0,2026-09-18T12:00:00Z
2026-08-15,22,C,Marine Lines / Chandanwadi,1846,14.4,0.28,SCENARIO_1_NORMAL,true,42,2.0.0,2026-09-18T12:00:00Z
2026-08-15,23,A,Colaba / Fort / Nariman Point,852,14.3,0.16,SCENARIO_1_NORMAL,true,42,2.0.0,2026-09-18T12:00:00Z
2026-08-15,24,D,Malabar Hill / Walkeshwar,2348,10.1,0.13,SCENARIO_1_NORMAL,true,42,2.0.0,2026-09-18T12:00:00Z
2026-08-16,1,M/E,Govandi / Mankhurd / Shivaji Nagar,32554,49.7,0.77,SCENARIO_1_NORMAL,true,42,2.0.0,2026-09-18T12:00:00Z
2026-08-16,2,G/N,Dharavi / Mahim / Dadar West,28924,51.1,0.68,SCENARIO_1_NORMAL,true,42,2.0.0,2026-09-18T12:00:00Z
2026-08-16,3,L,Kurla / Asalpha / Sakinaka,22912,44.8,0.62,SCENARIO_1_NORMAL,true,42,2.0.0,2026-09-18T12:00:00Z
2026-08-16,4,P/N,Malad / Marve / Malvani,19272,40.2,0.64,SCENARIO_1_NORMAL,true,42,2.0.0,2026-09-18T12:00:00Z
2026-08-16,5,F/N,Matunga / Sion / Wadala,16386,41.5,0.54,SCENARIO_1_NORMAL,true,42,2.0.0,2026-09-18T12:00:00Z
2026-08-16,6,H/E,Bandra East / Santacruz East,14453,34.3,0.58,SCENARIO_1_NORMAL,true,42,2.0.0,2026-09-18T12:00:00Z
2026-08-16,7,S,Bhandup / Kanjurmarg / Powai,15395,37.8,0.55,SCENARIO_1_NORMAL,true,42,2.0.0,2026-09-18T12:00:00Z
2026-08-16,8,K/E,Andheri East / Marol,11975,35.6,0.49,SCENARIO_1_NORMAL,true,42,2.0.0,2026-09-18T12:00:00Z
2026-08-16,9,N,Ghatkopar / Pant Nagar,10023,37.9,0.46,SCENARIO_1_NORMAL,true,42,2.0.0,2026-09-18T12:00:00Z
2026-08-16,10,P/S,Goregaon West & East,10264,29.6,0.42,SCENARIO_1_NORMAL,true,42,2.0.0,2026-09-18T12:00:00Z
2026-08-16,11,M/W,Chembur West / Tilak Nagar,9078,30.5,0.41,SCENARIO_1_NORMAL,true,42,2.0.0,2026-09-18T12:00:00Z
2026-08-16,12,R/S,Kandivali West & East,8068,31.9,0.43,SCENARIO_1_NORMAL,true,42,2.0.0,2026-09-18T12:00:00Z
2026-08-16,13,T,Mulund / Nahur,6358,22.8,0.37,SCENARIO_1_NORMAL,true,42,2.0.0,2026-09-18T12:00:00Z
2026-08-16,14,R/C,Borivali / Gorai,6652,27.0,0.32,SCENARIO_1_NORMAL,true,42,2.0.0,2026-09-18T12:00:00Z
2026-08-16,15,K/W,Andheri West / Versova,5093,9.3,0.15,SCENARIO_1_NORMAL,true,42,2.0.0,2026-09-18T12:00:00Z
2026-08-16,16,R/N,Dahisar / Mandapeshwar,7334,19.2,0.36,SCENARIO_1_NORMAL,true,42,2.0.0,2026-09-18T12:00:00Z
2026-08-16,17,E,Byculla / Mazgaon / Nagpada,6375,23.7,0.31,SCENARIO_1_NORMAL,true,42,2.0.0,2026-09-18T12:00:00Z
2026-08-16,18,F/S,Parel / Sewri / Lalbaug,4181,21.8,0.35,SCENARIO_1_NORMAL,true,42,2.0.0,2026-09-18T12:00:00Z
2026-08-16,19,G/S,Worli / Lower Parel,4798,22.9,0.25,SCENARIO_1_NORMAL,true,42,2.0.0,2026-09-18T12:00:00Z
2026-08-16,20,B,Sandhurst Road / Dongri,2847,19.9,0.3,SCENARIO_1_NORMAL,true,42,2.0.0,2026-09-18T12:00:00Z
2026-08-16,21,H/W,Bandra West / Khar,4372,13.0,0.25,SCENARIO_1_NORMAL,true,42,2.0.0,2026-09-18T12:00:00Z
2026-08-16,22,C,Marine Lines / Chandanwadi,1787,13.0,0.23,SCENARIO_1_NORMAL,true,42,2.0.0,2026-09-18T12:00:00Z
2026-08-16,23,A,Colaba / Fort / Nariman Point,1244,17.0,0.2,SCENARIO_1_NORMAL,true,42,2.0.0,2026-09-18T12:00:00Z
2026-08-16,24,D,Malabar Hill / Walkeshwar,545,12.7,0.16,SCENARIO_1_NORMAL,true,42,2.0.0,2026-09-18T12:00:00Z
2026-08-17,1,M/E,Govandi / Mankhurd / Shivaji Nagar,31113,54.3,0.84,SCENARIO_1_NORMAL,true,42,2.0.0,2026-09-18T12:00:00Z
2026-08-17,2,G/N,Dharavi / Mahim / Dadar West,28200,52.8,0.68,SCENARIO_1_NORMAL,true,42,2.0.0,2026-09-18T12:00:00Z
2026-08-17,3,L,Kurla / Asalpha / Sakinaka,25192,50.9,0.64,SCENARIO_1_NORMAL,true,42,2.0.0,2026-09-18T12:00:00Z
2026-08-17,4,P/N,Malad / Marve / Malvani,19055,47.8,0.57,SCENARIO_1_NORMAL,true,42,2.0.0,2026-09-18T12:00:00Z
2026-08-17,5,F/N,Matunga / Sion / Wadala,14886,44.0,0.52,SCENARIO_1_NORMAL,true,42,2.0.0,2026-09-18T12:00:00Z
2026-08-17,6,H/E,Bandra East / Santacruz East,13131,35.8,0.54,SCENARIO_1_NORMAL,true,42,2.0.0,2026-09-18T12:00:00Z
2026-08-17,7,S,Bhandup / Kanjurmarg / Powai,15743,34.9,0.5,SCENARIO_1_NORMAL,true,42,2.0.0,2026-09-18T12:00:00Z
2026-08-17,8,K/E,Andheri East / Marol,14161,38.5,0.53,SCENARIO_1_NORMAL,true,42,2.0.0,2026-09-18T12:00:00Z
2026-08-17,9,N,Ghatkopar / Pant Nagar,11148,30.0,0.41,SCENARIO_1_NORMAL,true,42,2.0.0,2026-09-18T12:00:00Z
2026-08-17,10,P/S,Goregaon West & East,10152,29.2,0.4,SCENARIO_1_NORMAL,true,42,2.0.0,2026-09-18T12:00:00Z
2026-08-17,11,M/W,Chembur West / Tilak Nagar,7848,26.5,0.41,SCENARIO_1_NORMAL,true,42,2.0.0,2026-09-18T12:00:00Z
2026-08-17,12,R/S,Kandivali West & East,9129,30.5,0.4,SCENARIO_1_NORMAL,true,42,2.0.0,2026-09-18T12:00:00Z
2026-08-17,13,T,Mulund / Nahur,7425,29.4,0.38,SCENARIO_1_NORMAL,true,42,2.0.0,2026-09-18T12:00:00Z
2026-08-17,14,R/C,Borivali / Gorai,6339,27.7,0.31,SCENARIO_1_NORMAL,true,42,2.0.0,2026-09-18T12:00:00Z
2026-08-17,15,K/W,Andheri West / Versova,5971,11.4,0.12,SCENARIO_1_NORMAL,true,42,2.0.0,2026-09-18T12:00:00Z
2026-08-17,16,R/N,Dahisar / Mandapeshwar,5134,21.1,0.31,SCENARIO_1_NORMAL,true,42,2.0.0,2026-09-18T12:00:00Z
2026-08-17,17,E,Byculla / Mazgaon / Nagpada,5672,31.0,0.34,SCENARIO_1_NORMAL,true,42,2.0.0,2026-09-18T12:00:00Z
2026-08-17,18,F/S,Parel / Sewri / Lalbaug,5589,27.3,0.27,SCENARIO_1_NORMAL,true,42,2.0.0,2026-09-18T12:00:00Z
2026-08-17,19,G/S,Worli / Lower Parel,4911,21.1,0.23,SCENARIO_1_NORMAL,true,42,2.0.0,2026-09-18T12:00:00Z
2026-08-17,20,B,Sandhurst Road / Dongri,3799,18.4,0.29,SCENARIO_1_NORMAL,true,42,2.0.0,2026-09-18T12:00:00Z
2026-08-17,21,H/W,Bandra West / Khar,1817,16.4,0.25,SCENARIO_1_NORMAL,true,42,2.0.0,2026-09-18T12:00:00Z
2026-08-17,22,C,Marine Lines / Chandanwadi,3908,20.6,0.24,SCENARIO_1_NORMAL,true,42,2.0.0,2026-09-18T12:00:00Z
2026-08-17,23,A,Colaba / Fort / Nariman Point,2512,7.3,0.13,SCENARIO_1_NORMAL,true,42,2.0.0,2026-09-18T12:00:00Z
2026-08-17,24,D,Malabar Hill / Walkeshwar,2418,12.1,0.15,SCENARIO_1_NORMAL,true,42,2.0.0,2026-09-18T12:00:00Z
2026-08-18,1,M/E,Govandi / Mankhurd / Shivaji Nagar,31428,58.6,0.81,SCENARIO_1_NORMAL,true,42,2.0.0,2026-09-18T12:00:00Z
2026-08-18,2,G/N,Dharavi / Mahim / Dadar West,29319,52.2,0.69,SCENARIO_1_NORMAL,true,42,2.0.0,2026-09-18T12:00:00Z
2026-08-18,3,L,Kurla / Asalpha / Sakinaka,25142,47.1,0.65,SCENARIO_1_NORMAL,true,42,2.0.0,2026-09-18T12:00:00Z
2026-08-18,4,P/N,Malad / Marve / Malvani,19107,47.1,0.59,SCENARIO_1_NORMAL,true,42,2.0.0,2026-09-18T12:00:00Z
2026-08-18,5,F/N,Matunga / Sion / Wadala,16560,38.2,0.53,SCENARIO_1_NORMAL,true,42,2.0.0,2026-09-18T12:00:00Z
2026-08-18,6,H/E,Bandra East / Santacruz East,15485,42.2,0.49,SCENARIO_1_NORMAL,true,42,2.0.0,2026-09-18T12:00:00Z
2026-08-18,7,S,Bhandup / Kanjurmarg / Powai,15814,33.6,0.53,SCENARIO_1_NORMAL,true,42,2.0.0,2026-09-18T12:00:00Z
2026-08-18,8,K/E,Andheri East / Marol,12766,39.0,0.47,SCENARIO_1_NORMAL,true,42,2.0.0,2026-09-18T12:00:00Z
2026-08-18,9,N,Ghatkopar / Pant Nagar,10194,30.0,0.5,SCENARIO_1_NORMAL,true,42,2.0.0,2026-09-18T12:00:00Z
2026-08-18,10,P/S,Goregaon West & East,10416,29.7,0.4,SCENARIO_1_NORMAL,true,42,2.0.0,2026-09-18T12:00:00Z
2026-08-18,11,M/W,Chembur West / Tilak Nagar,8246,26.4,0.36,SCENARIO_1_NORMAL,true,42,2.0.0,2026-09-18T12:00:00Z
2026-08-18,12,R/S,Kandivali West & East,9214,25.3,0.35,SCENARIO_1_NORMAL,true,42,2.0.0,2026-09-18T12:00:00Z
2026-08-18,13,T,Mulund / Nahur,6449,27.3,0.38,SCENARIO_1_NORMAL,true,42,2.0.0,2026-09-18T12:00:00Z
2026-08-18,14,R/C,Borivali / Gorai,7968,23.5,0.35,SCENARIO_1_NORMAL,true,42,2.0.0,2026-09-18T12:00:00Z
2026-08-18,15,K/W,Andheri West / Versova,5862,11.0,0.17,SCENARIO_1_NORMAL,true,42,2.0.0,2026-09-18T12:00:00Z
2026-08-18,16,R/N,Dahisar / Mandapeshwar,6248,19.9,0.29,SCENARIO_1_NORMAL,true,42,2.0.0,2026-09-18T12:00:00Z
2026-08-18,17,E,Byculla / Mazgaon / Nagpada,4417,23.9,0.37,SCENARIO_1_NORMAL,true,42,2.0.0,2026-09-18T12:00:00Z
2026-08-18,18,F/S,Parel / Sewri / Lalbaug,6361,18.6,0.3,SCENARIO_1_NORMAL,true,42,2.0.0,2026-09-18T12:00:00Z
2026-08-18,19,G/S,Worli / Lower Parel,4423,20.0,0.23,SCENARIO_1_NORMAL,true,42,2.0.0,2026-09-18T12:00:00Z
2026-08-18,20,B,Sandhurst Road / Dongri,2551,17.5,0.34,SCENARIO_1_NORMAL,true,42,2.0.0,2026-09-18T12:00:00Z
2026-08-18,21,H/W,Bandra West / Khar,4050,11.4,0.24,SCENARIO_1_NORMAL,true,42,2.0.0,2026-09-18T12:00:00Z
2026-08-18,22,C,Marine Lines / Chandanwadi,3461,22.4,0.27,SCENARIO_1_NORMAL,true,42,2.0.0,2026-09-18T12:00:00Z
2026-08-18,23,A,Colaba / Fort / Nariman Point,3237,14.9,0.18,SCENARIO_1_NORMAL,true,42,2.0.0,2026-09-18T12:00:00Z
2026-08-18,24,D,Malabar Hill / Walkeshwar,1963,5.1,0.12,SCENARIO_1_NORMAL,true,42,2.0.0,2026-09-18T12:00:00Z
2026-08-19,1,M/E,Govandi / Mankhurd / Shivaji Nagar,31672,65.2,0.78,SCENARIO_1_NORMAL,true,42,2.0.0,2026-09-18T12:00:00Z
2026-08-19,2,G/N,Dharavi / Mahim / Dadar West,28188,50.0,0.71,SCENARIO_1_NORMAL,true,42,2.0.0,2026-09-18T12:00:00Z
2026-08-19,3,L,Kurla / Asalpha / Sakinaka,23474,44.8,0.66,SCENARIO_1_NORMAL,true,42,2.0.0,2026-09-18T12:00:00Z
2026-08-19,4,P/N,Malad / Marve / Malvani,19519,42.6,0.57,SCENARIO_1_NORMAL,true,42,2.0.0,2026-09-18T12:00:00Z
2026-08-19,5,F/N,Matunga / Sion / Wadala,15713,39.4,0.54,SCENARIO_1_NORMAL,true,42,2.0.0,2026-09-18T12:00:00Z
2026-08-19,6,H/E,Bandra East / Santacruz East,13792,37.8,0.55,SCENARIO_1_NORMAL,true,42,2.0.0,2026-09-18T12:00:00Z
2026-08-19,7,S,Bhandup / Kanjurmarg / Powai,14435,42.4,0.56,SCENARIO_1_NORMAL,true,42,2.0.0,2026-09-18T12:00:00Z
2026-08-19,8,K/E,Andheri East / Marol,12601,35.6,0.47,SCENARIO_1_NORMAL,true,42,2.0.0,2026-09-18T12:00:00Z
2026-08-19,9,N,Ghatkopar / Pant Nagar,11043,37.0,0.47,SCENARIO_1_NORMAL,true,42,2.0.0,2026-09-18T12:00:00Z
2026-08-19,10,P/S,Goregaon West & East,10245,34.9,0.44,SCENARIO_1_NORMAL,true,42,2.0.0,2026-09-18T12:00:00Z
2026-08-19,11,M/W,Chembur West / Tilak Nagar,9868,28.1,0.44,SCENARIO_1_NORMAL,true,42,2.0.0,2026-09-18T12:00:00Z
2026-08-19,12,R/S,Kandivali West & East,9008,25.6,0.41,SCENARIO_1_NORMAL,true,42,2.0.0,2026-09-18T12:00:00Z
2026-08-19,13,T,Mulund / Nahur,7658,22.7,0.37,SCENARIO_1_NORMAL,true,42,2.0.0,2026-09-18T12:00:00Z
2026-08-19,14,R/C,Borivali / Gorai,8123,21.3,0.37,SCENARIO_1_NORMAL,true,42,2.0.0,2026-09-18T12:00:00Z
2026-08-19,15,K/W,Andheri West / Versova,6368,11.5,0.09,SCENARIO_1_NORMAL,true,42,2.0.0,2026-09-18T12:00:00Z
2026-08-19,16,R/N,Dahisar / Mandapeshwar,5028,27.7,0.35,SCENARIO_1_NORMAL,true,42,2.0.0,2026-09-18T12:00:00Z
2026-08-19,17,E,Byculla / Mazgaon / Nagpada,5398,29.2,0.39,SCENARIO_1_NORMAL,true,42,2.0.0,2026-09-18T12:00:00Z
2026-08-19,18,F/S,Parel / Sewri / Lalbaug,5402,27.6,0.29,SCENARIO_1_NORMAL,true,42,2.0.0,2026-09-18T12:00:00Z
2026-08-19,19,G/S,Worli / Lower Parel,5249,15.8,0.28,SCENARIO_1_NORMAL,true,42,2.0.0,2026-09-18T12:00:00Z
2026-08-19,20,B,Sandhurst Road / Dongri,3893,18.7,0.31,SCENARIO_1_NORMAL,true,42,2.0.0,2026-09-18T12:00:00Z
2026-08-19,21,H/W,Bandra West / Khar,1821,15.1,0.21,SCENARIO_1_NORMAL,true,42,2.0.0,2026-09-18T12:00:00Z
2026-08-19,22,C,Marine Lines / Chandanwadi,2845,20.2,0.27,SCENARIO_1_NORMAL,true,42,2.0.0,2026-09-18T12:00:00Z
2026-08-19,23,A,Colaba / Fort / Nariman Point,2197,13.1,0.21,SCENARIO_1_NORMAL,true,42,2.0.0,2026-09-18T12:00:00Z
2026-08-19,24,D,Malabar Hill / Walkeshwar,1628,5.0,0.08,SCENARIO_1_NORMAL,true,42,2.0.0,2026-09-18T12:00:00Z
2026-08-20,1,M/E,Govandi / Mankhurd / Shivaji Nagar,31036,61.2,0.78,SCENARIO_1_NORMAL,true,42,2.0.0,2026-09-18T12:00:00Z
2026-08-20,2,G/N,Dharavi / Mahim / Dadar West,29288,52.9,0.68,SCENARIO_1_NORMAL,true,42,2.0.0,2026-09-18T12:00:00Z
2026-08-20,3,L,Kurla / Asalpha / Sakinaka,24890,52.4,0.69,SCENARIO_1_NORMAL,true,42,2.0.0,2026-09-18T12:00:00Z
2026-08-20,4,P/N,Malad / Marve / Malvani,20513,42.1,0.57,SCENARIO_1_NORMAL,true,42,2.0.0,2026-09-18T12:00:00Z
2026-08-20,5,F/N,Matunga / Sion / Wadala,15530,37.3,0.52,SCENARIO_1_NORMAL,true,42,2.0.0,2026-09-18T12:00:00Z
2026-08-20,6,H/E,Bandra East / Santacruz East,13032,38.4,0.52,SCENARIO_1_NORMAL,true,42,2.0.0,2026-09-18T12:00:00Z
2026-08-20,7,S,Bhandup / Kanjurmarg / Powai,16327,40.2,0.52,SCENARIO_1_NORMAL,true,42,2.0.0,2026-09-18T12:00:00Z
2026-08-20,8,K/E,Andheri East / Marol,14362,38.6,0.49,SCENARIO_1_NORMAL,true,42,2.0.0,2026-09-18T12:00:00Z
2026-08-20,9,N,Ghatkopar / Pant Nagar,12327,32.3,0.51,SCENARIO_1_NORMAL,true,42,2.0.0,2026-09-18T12:00:00Z
2026-08-20,10,P/S,Goregaon West & East,8813,36.4,0.4,SCENARIO_1_NORMAL,true,42,2.0.0,2026-09-18T12:00:00Z
2026-08-20,11,M/W,Chembur West / Tilak Nagar,9737,33.8,0.43,SCENARIO_1_NORMAL,true,42,2.0.0,2026-09-18T12:00:00Z
2026-08-20,12,R/S,Kandivali West & East,7631,29.5,0.41,SCENARIO_1_NORMAL,true,42,2.0.0,2026-09-18T12:00:00Z
2026-08-20,13,T,Mulund / Nahur,6629,21.5,0.36,SCENARIO_1_NORMAL,true,42,2.0.0,2026-09-18T12:00:00Z
2026-08-20,14,R/C,Borivali / Gorai,7750,23.3,0.34,SCENARIO_1_NORMAL,true,42,2.0.0,2026-09-18T12:00:00Z
2026-08-20,15,K/W,Andheri West / Versova,7028,7.5,0.11,SCENARIO_1_NORMAL,true,42,2.0.0,2026-09-18T12:00:00Z
2026-08-20,16,R/N,Dahisar / Mandapeshwar,6191,25.9,0.28,SCENARIO_1_NORMAL,true,42,2.0.0,2026-09-18T12:00:00Z
2026-08-20,17,E,Byculla / Mazgaon / Nagpada,6779,31.4,0.4,SCENARIO_1_NORMAL,true,42,2.0.0,2026-09-18T12:00:00Z
2026-08-20,18,F/S,Parel / Sewri / Lalbaug,5648,26.5,0.28,SCENARIO_1_NORMAL,true,42,2.0.0,2026-09-18T12:00:00Z
2026-08-20,19,G/S,Worli / Lower Parel,4066,24.8,0.29,SCENARIO_1_NORMAL,true,42,2.0.0,2026-09-18T12:00:00Z
2026-08-20,20,B,Sandhurst Road / Dongri,2668,17.9,0.34,SCENARIO_1_NORMAL,true,42,2.0.0,2026-09-18T12:00:00Z
2026-08-20,21,H/W,Bandra West / Khar,3555,10.7,0.18,SCENARIO_1_NORMAL,true,42,2.0.0,2026-09-18T12:00:00Z
2026-08-20,22,C,Marine Lines / Chandanwadi,2523,20.4,0.21,SCENARIO_1_NORMAL,true,42,2.0.0,2026-09-18T12:00:00Z
2026-08-20,23,A,Colaba / Fort / Nariman Point,1186,16.2,0.18,SCENARIO_1_NORMAL,true,42,2.0.0,2026-09-18T12:00:00Z
2026-08-20,24,D,Malabar Hill / Walkeshwar,2755,3.9,0.08,SCENARIO_1_NORMAL,true,42,2.0.0,2026-09-18T12:00:00Z
2026-08-21,1,M/E,Govandi / Mankhurd / Shivaji Nagar,33013,64.0,0.74,SCENARIO_1_NORMAL,true,42,2.0.0,2026-09-18T12:00:00Z
2026-08-21,2,G/N,Dharavi / Mahim / Dadar West,28435,54.6,0.65,SCENARIO_1_NORMAL,true,42,2.0.0,2026-09-18T12:00:00Z
2026-08-21,3,L,Kurla / Asalpha / Sakinaka,24606,52.7,0.69,SCENARIO_1_NORMAL,true,42,2.0.0,2026-09-18T12:00:00Z
2026-08-21,4,P/N,Malad / Marve / Malvani,20962,45.4,0.63,SCENARIO_1_NORMAL,true,42,2.0.0,2026-09-18T12:00:00Z
2026-08-21,5,F/N,Matunga / Sion / Wadala,16005,37.7,0.52,SCENARIO_1_NORMAL,true,42,2.0.0,2026-09-18T12:00:00Z
2026-08-21,6,H/E,Bandra East / Santacruz East,12908,39.1,0.56,SCENARIO_1_NORMAL,true,42,2.0.0,2026-09-18T12:00:00Z
2026-08-21,7,S,Bhandup / Kanjurmarg / Powai,15280,41.5,0.48,SCENARIO_1_NORMAL,true,42,2.0.0,2026-09-18T12:00:00Z
2026-08-21,8,K/E,Andheri East / Marol,13501,38.1,0.46,SCENARIO_1_NORMAL,true,42,2.0.0,2026-09-18T12:00:00Z
2026-08-21,9,N,Ghatkopar / Pant Nagar,9842,35.6,0.51,SCENARIO_1_NORMAL,true,42,2.0.0,2026-09-18T12:00:00Z
2026-08-21,10,P/S,Goregaon West & East,9531,33.0,0.39,SCENARIO_1_NORMAL,true,42,2.0.0,2026-09-18T12:00:00Z
2026-08-21,11,M/W,Chembur West / Tilak Nagar,7989,25.7,0.45,SCENARIO_1_NORMAL,true,42,2.0.0,2026-09-18T12:00:00Z
2026-08-21,12,R/S,Kandivali West & East,8964,30.7,0.36,SCENARIO_1_NORMAL,true,42,2.0.0,2026-09-18T12:00:00Z
2026-08-21,13,T,Mulund / Nahur,7302,23.2,0.41,SCENARIO_1_NORMAL,true,42,2.0.0,2026-09-18T12:00:00Z
2026-08-21,14,R/C,Borivali / Gorai,6047,24.9,0.37,SCENARIO_1_NORMAL,true,42,2.0.0,2026-09-18T12:00:00Z
2026-08-21,15,K/W,Andheri West / Versova,5487,8.6,0.09,SCENARIO_1_NORMAL,true,42,2.0.0,2026-09-18T12:00:00Z
2026-08-21,16,R/N,Dahisar / Mandapeshwar,6518,27.6,0.3,SCENARIO_1_NORMAL,true,42,2.0.0,2026-09-18T12:00:00Z
2026-08-21,17,E,Byculla / Mazgaon / Nagpada,5429,28.4,0.37,SCENARIO_1_NORMAL,true,42,2.0.0,2026-09-18T12:00:00Z
2026-08-21,18,F/S,Parel / Sewri / Lalbaug,5360,27.5,0.28,SCENARIO_1_NORMAL,true,42,2.0.0,2026-09-18T12:00:00Z
2026-08-21,19,G/S,Worli / Lower Parel,4546,18.8,0.27,SCENARIO_1_NORMAL,true,42,2.0.0,2026-09-18T12:00:00Z
2026-08-21,20,B,Sandhurst Road / Dongri,3672,18.2,0.26,SCENARIO_1_NORMAL,true,42,2.0.0,2026-09-18T12:00:00Z
2026-08-21,21,H/W,Bandra West / Khar,4359,13.4,0.2,SCENARIO_1_NORMAL,true,42,2.0.0,2026-09-18T12:00:00Z
2026-08-21,22,C,Marine Lines / Chandanwadi,2050,18.7,0.25,SCENARIO_1_NORMAL,true,42,2.0.0,2026-09-18T12:00:00Z
2026-08-21,23,A,Colaba / Fort / Nariman Point,3422,11.2,0.14,SCENARIO_1_NORMAL,true,42,2.0.0,2026-09-18T12:00:00Z
2026-08-21,24,D,Malabar Hill / Walkeshwar,1411,9.7,0.1,SCENARIO_1_NORMAL,true,42,2.0.0,2026-09-18T12:00:00Z
2026-08-22,1,M/E,Govandi / Mankhurd / Shivaji Nagar,30897,56.4,0.79,SCENARIO_1_NORMAL,true,42,2.0.0,2026-09-18T12:00:00Z
2026-08-22,2,G/N,Dharavi / Mahim / Dadar West,27199,51.9,0.7,SCENARIO_1_NORMAL,true,42,2.0.0,2026-09-18T12:00:00Z
2026-08-22,3,L,Kurla / Asalpha / Sakinaka,23409,50.4,0.67,SCENARIO_1_NORMAL,true,42,2.0.0,2026-09-18T12:00:00Z
2026-08-22,4,P/N,Malad / Marve / Malvani,20385,41.6,0.62,SCENARIO_1_NORMAL,true,42,2.0.0,2026-09-18T12:00:00Z
2026-08-22,5,F/N,Matunga / Sion / Wadala,16561,41.2,0.55,SCENARIO_1_NORMAL,true,42,2.0.0,2026-09-18T12:00:00Z
2026-08-22,6,H/E,Bandra East / Santacruz East,14230,37.7,0.53,SCENARIO_1_NORMAL,true,42,2.0.0,2026-09-18T12:00:00Z
2026-08-22,7,S,Bhandup / Kanjurmarg / Powai,15490,40.3,0.56,SCENARIO_1_NORMAL,true,42,2.0.0,2026-09-18T12:00:00Z
2026-08-22,8,K/E,Andheri East / Marol,12146,35.8,0.49,SCENARIO_1_NORMAL,true,42,2.0.0,2026-09-18T12:00:00Z
2026-08-22,9,N,Ghatkopar / Pant Nagar,12286,36.5,0.44,SCENARIO_1_NORMAL,true,42,2.0.0,2026-09-18T12:00:00Z
2026-08-22,10,P/S,Goregaon West & East,10202,31.8,0.4,SCENARIO_1_NORMAL,true,42,2.0.0,2026-09-18T12:00:00Z
2026-08-22,11,M/W,Chembur West / Tilak Nagar,10060,26.0,0.45,SCENARIO_1_NORMAL,true,42,2.0.0,2026-09-18T12:00:00Z
2026-08-22,12,R/S,Kandivali West & East,9519,26.4,0.37,SCENARIO_1_NORMAL,true,42,2.0.0,2026-09-18T12:00:00Z
2026-08-22,13,T,Mulund / Nahur,6450,23.1,0.34,SCENARIO_1_NORMAL,true,42,2.0.0,2026-09-18T12:00:00Z
2026-08-22,14,R/C,Borivali / Gorai,5979,20.4,0.38,SCENARIO_1_NORMAL,true,42,2.0.0,2026-09-18T12:00:00Z
2026-08-22,15,K/W,Andheri West / Versova,6805,10.9,0.12,SCENARIO_1_NORMAL,true,42,2.0.0,2026-09-18T12:00:00Z
2026-08-22,16,R/N,Dahisar / Mandapeshwar,6714,24.1,0.28,SCENARIO_1_NORMAL,true,42,2.0.0,2026-09-18T12:00:00Z
2026-08-22,17,E,Byculla / Mazgaon / Nagpada,4714,25.0,0.41,SCENARIO_1_NORMAL,true,42,2.0.0,2026-09-18T12:00:00Z
2026-08-22,18,F/S,Parel / Sewri / Lalbaug,4006,25.8,0.3,SCENARIO_1_NORMAL,true,42,2.0.0,2026-09-18T12:00:00Z
2026-08-22,19,G/S,Worli / Lower Parel,5987,21.7,0.29,SCENARIO_1_NORMAL,true,42,2.0.0,2026-09-18T12:00:00Z
2026-08-22,20,B,Sandhurst Road / Dongri,4333,23.4,0.25,SCENARIO_1_NORMAL,true,42,2.0.0,2026-09-18T12:00:00Z
2026-08-22,21,H/W,Bandra West / Khar,2847,12.5,0.21,SCENARIO_1_NORMAL,true,42,2.0.0,2026-09-18T12:00:00Z
2026-08-22,22,C,Marine Lines / Chandanwadi,2560,14.3,0.27,SCENARIO_1_NORMAL,true,42,2.0.0,2026-09-18T12:00:00Z
2026-08-22,23,A,Colaba / Fort / Nariman Point,1242,17.0,0.17,SCENARIO_1_NORMAL,true,42,2.0.0,2026-09-18T12:00:00Z
2026-08-22,24,D,Malabar Hill / Walkeshwar,841,13.7,0.08,SCENARIO_1_NORMAL,true,42,2.0.0,2026-09-18T12:00:00Z
2026-08-23,1,M/E,Govandi / Mankhurd / Shivaji Nagar,32157,55.9,0.71,SCENARIO_1_NORMAL,true,42,2.0.0,2026-09-18T12:00:00Z
2026-08-23,2,G/N,Dharavi / Mahim / Dadar West,28010,53.7,0.69,SCENARIO_1_NORMAL,true,42,2.0.0,2026-09-18T12:00:00Z
2026-08-23,3,L,Kurla / Asalpha / Sakinaka,24095,44.9,0.63,SCENARIO_1_NORMAL,true,42,2.0.0,2026-09-18T12:00:00Z
2026-08-23,4,P/N,Malad / Marve / Malvani,20067,47.5,0.55,SCENARIO_1_NORMAL,true,42,2.0.0,2026-09-18T12:00:00Z
2026-08-23,5,F/N,Matunga / Sion / Wadala,16506,38.6,0.55,SCENARIO_1_NORMAL,true,42,2.0.0,2026-09-18T12:00:00Z
2026-08-23,6,H/E,Bandra East / Santacruz East,13428,39.9,0.53,SCENARIO_1_NORMAL,true,42,2.0.0,2026-09-18T12:00:00Z
2026-08-23,7,S,Bhandup / Kanjurmarg / Powai,13837,35.4,0.55,SCENARIO_1_NORMAL,true,42,2.0.0,2026-09-18T12:00:00Z
2026-08-23,8,K/E,Andheri East / Marol,12027,37.1,0.5,SCENARIO_1_NORMAL,true,42,2.0.0,2026-09-18T12:00:00Z
2026-08-23,9,N,Ghatkopar / Pant Nagar,10898,36.2,0.41,SCENARIO_1_NORMAL,true,42,2.0.0,2026-09-18T12:00:00Z
2026-08-23,10,P/S,Goregaon West & East,10609,30.6,0.44,SCENARIO_1_NORMAL,true,42,2.0.0,2026-09-18T12:00:00Z
2026-08-23,11,M/W,Chembur West / Tilak Nagar,10179,33.7,0.41,SCENARIO_1_NORMAL,true,42,2.0.0,2026-09-18T12:00:00Z
2026-08-23,12,R/S,Kandivali West & East,8213,31.3,0.43,SCENARIO_1_NORMAL,true,42,2.0.0,2026-09-18T12:00:00Z
2026-08-23,13,T,Mulund / Nahur,7298,30.5,0.37,SCENARIO_1_NORMAL,true,42,2.0.0,2026-09-18T12:00:00Z
2026-08-23,14,R/C,Borivali / Gorai,7162,28.8,0.33,SCENARIO_1_NORMAL,true,42,2.0.0,2026-09-18T12:00:00Z
2026-08-23,15,K/W,Andheri West / Versova,6373,8.3,0.09,SCENARIO_1_NORMAL,true,42,2.0.0,2026-09-18T12:00:00Z
2026-08-23,16,R/N,Dahisar / Mandapeshwar,6146,22.1,0.36,SCENARIO_1_NORMAL,true,42,2.0.0,2026-09-18T12:00:00Z
2026-08-23,17,E,Byculla / Mazgaon / Nagpada,5998,23.2,0.34,SCENARIO_1_NORMAL,true,42,2.0.0,2026-09-18T12:00:00Z
2026-08-23,18,F/S,Parel / Sewri / Lalbaug,5503,20.0,0.27,SCENARIO_1_NORMAL,true,42,2.0.0,2026-09-18T12:00:00Z
2026-08-23,19,G/S,Worli / Lower Parel,4941,19.3,0.25,SCENARIO_1_NORMAL,true,42,2.0.0,2026-09-18T12:00:00Z
2026-08-23,20,B,Sandhurst Road / Dongri,4804,23.0,0.25,SCENARIO_1_NORMAL,true,42,2.0.0,2026-09-18T12:00:00Z
2026-08-23,21,H/W,Bandra West / Khar,2921,17.4,0.22,SCENARIO_1_NORMAL,true,42,2.0.0,2026-09-18T12:00:00Z
2026-08-23,22,C,Marine Lines / Chandanwadi,2050,22.4,0.25,SCENARIO_1_NORMAL,true,42,2.0.0,2026-09-18T12:00:00Z
2026-08-23,23,A,Colaba / Fort / Nariman Point,3173,14.7,0.21,SCENARIO_1_NORMAL,true,42,2.0.0,2026-09-18T12:00:00Z
2026-08-23,24,D,Malabar Hill / Walkeshwar,1589,11.0,0.17,SCENARIO_1_NORMAL,true,42,2.0.0,2026-09-18T12:00:00Z
2026-08-24,1,M/E,Govandi / Mankhurd / Shivaji Nagar,32911,65.3,0.72,SCENARIO_1_NORMAL,true,42,2.0.0,2026-09-18T12:00:00Z
2026-08-24,2,G/N,Dharavi / Mahim / Dadar West,28169,50.6,0.7,SCENARIO_1_NORMAL,true,42,2.0.0,2026-09-18T12:00:00Z
2026-08-24,3,L,Kurla / Asalpha / Sakinaka,24777,49.9,0.71,SCENARIO_1_NORMAL,true,42,2.0.0,2026-09-18T12:00:00Z
2026-08-24,4,P/N,Malad / Marve / Malvani,19089,41.3,0.62,SCENARIO_1_NORMAL,true,42,2.0.0,2026-09-18T12:00:00Z
2026-08-24,5,F/N,Matunga / Sion / Wadala,17458,43.2,0.54,SCENARIO_1_NORMAL,true,42,2.0.0,2026-09-18T12:00:00Z
2026-08-24,6,H/E,Bandra East / Santacruz East,12812,34.5,0.56,SCENARIO_1_NORMAL,true,42,2.0.0,2026-09-18T12:00:00Z
2026-08-24,7,S,Bhandup / Kanjurmarg / Powai,14134,37.8,0.57,SCENARIO_1_NORMAL,true,42,2.0.0,2026-09-18T12:00:00Z
2026-08-24,8,K/E,Andheri East / Marol,14121,40.5,0.48,SCENARIO_1_NORMAL,true,42,2.0.0,2026-09-18T12:00:00Z
2026-08-24,9,N,Ghatkopar / Pant Nagar,11055,36.5,0.42,SCENARIO_1_NORMAL,true,42,2.0.0,2026-09-18T12:00:00Z
2026-08-24,10,P/S,Goregaon West & East,9399,34.9,0.48,SCENARIO_1_NORMAL,true,42,2.0.0,2026-09-18T12:00:00Z
2026-08-24,11,M/W,Chembur West / Tilak Nagar,9299,33.5,0.37,SCENARIO_1_NORMAL,true,42,2.0.0,2026-09-18T12:00:00Z
2026-08-24,12,R/S,Kandivali West & East,7448,24.1,0.35,SCENARIO_1_NORMAL,true,42,2.0.0,2026-09-18T12:00:00Z
2026-08-24,13,T,Mulund / Nahur,7306,28.2,0.38,SCENARIO_1_NORMAL,true,42,2.0.0,2026-09-18T12:00:00Z
2026-08-24,14,R/C,Borivali / Gorai,7573,29.0,0.37,SCENARIO_1_NORMAL,true,42,2.0.0,2026-09-18T12:00:00Z
2026-08-24,15,K/W,Andheri West / Versova,6889,10.4,0.08,SCENARIO_1_NORMAL,true,42,2.0.0,2026-09-18T12:00:00Z
2026-08-24,16,R/N,Dahisar / Mandapeshwar,7251,24.3,0.35,SCENARIO_1_NORMAL,true,42,2.0.0,2026-09-18T12:00:00Z
2026-08-24,17,E,Byculla / Mazgaon / Nagpada,4933,21.4,0.36,SCENARIO_1_NORMAL,true,42,2.0.0,2026-09-18T12:00:00Z
2026-08-24,18,F/S,Parel / Sewri / Lalbaug,4510,18.4,0.31,SCENARIO_1_NORMAL,true,42,2.0.0,2026-09-18T12:00:00Z
2026-08-24,19,G/S,Worli / Lower Parel,5128,23.8,0.29,SCENARIO_1_NORMAL,true,42,2.0.0,2026-09-18T12:00:00Z
2026-08-24,20,B,Sandhurst Road / Dongri,2987,25.5,0.28,SCENARIO_1_NORMAL,true,42,2.0.0,2026-09-18T12:00:00Z
2026-08-24,21,H/W,Bandra West / Khar,2441,18.9,0.19,SCENARIO_1_NORMAL,true,42,2.0.0,2026-09-18T12:00:00Z
2026-08-24,22,C,Marine Lines / Chandanwadi,3216,16.6,0.22,SCENARIO_1_NORMAL,true,42,2.0.0,2026-09-18T12:00:00Z
2026-08-24,23,A,Colaba / Fort / Nariman Point,2393,16.0,0.13,SCENARIO_1_NORMAL,true,42,2.0.0,2026-09-18T12:00:00Z
2026-08-24,24,D,Malabar Hill / Walkeshwar,2134,7.2,0.14,SCENARIO_1_NORMAL,true,42,2.0.0,2026-09-18T12:00:00Z
2026-08-25,1,M/E,Govandi / Mankhurd / Shivaji Nagar,31947,68.0,0.75,SCENARIO_1_NORMAL,true,42,2.0.0,2026-09-18T12:00:00Z
2026-08-25,2,G/N,Dharavi / Mahim / Dadar West,28980,50.2,0.66,SCENARIO_1_NORMAL,true,42,2.0.0,2026-09-18T12:00:00Z
2026-08-25,3,L,Kurla / Asalpha / Sakinaka,23122,53.4,0.68,SCENARIO_1_NORMAL,true,42,2.0.0,2026-09-18T12:00:00Z
2026-08-25,4,P/N,Malad / Marve / Malvani,20352,44.4,0.58,SCENARIO_1_NORMAL,true,42,2.0.0,2026-09-18T12:00:00Z
2026-08-25,5,F/N,Matunga / Sion / Wadala,16138,40.7,0.52,SCENARIO_1_NORMAL,true,42,2.0.0,2026-09-18T12:00:00Z
2026-08-25,6,H/E,Bandra East / Santacruz East,15271,37.7,0.49,SCENARIO_1_NORMAL,true,42,2.0.0,2026-09-18T12:00:00Z
2026-08-25,7,S,Bhandup / Kanjurmarg / Powai,14747,33.1,0.51,SCENARIO_1_NORMAL,true,42,2.0.0,2026-09-18T12:00:00Z
2026-08-25,8,K/E,Andheri East / Marol,12345,37.1,0.47,SCENARIO_1_NORMAL,true,42,2.0.0,2026-09-18T12:00:00Z
2026-08-25,9,N,Ghatkopar / Pant Nagar,11014,38.1,0.48,SCENARIO_1_NORMAL,true,42,2.0.0,2026-09-18T12:00:00Z
2026-08-25,10,P/S,Goregaon West & East,9935,32.3,0.41,SCENARIO_1_NORMAL,true,42,2.0.0,2026-09-18T12:00:00Z
2026-08-25,11,M/W,Chembur West / Tilak Nagar,8736,27.6,0.4,SCENARIO_1_NORMAL,true,42,2.0.0,2026-09-18T12:00:00Z
2026-08-25,12,R/S,Kandivali West & East,9721,32.7,0.39,SCENARIO_1_NORMAL,true,42,2.0.0,2026-09-18T12:00:00Z
2026-08-25,13,T,Mulund / Nahur,8956,27.3,0.38,SCENARIO_1_NORMAL,true,42,2.0.0,2026-09-18T12:00:00Z
2026-08-25,14,R/C,Borivali / Gorai,7804,23.3,0.32,SCENARIO_1_NORMAL,true,42,2.0.0,2026-09-18T12:00:00Z
2026-08-25,15,K/W,Andheri West / Versova,5609,5.2,0.17,SCENARIO_1_NORMAL,true,42,2.0.0,2026-09-18T12:00:00Z
2026-08-25,16,R/N,Dahisar / Mandapeshwar,5670,20.9,0.32,SCENARIO_1_NORMAL,true,42,2.0.0,2026-09-18T12:00:00Z
2026-08-25,17,E,Byculla / Mazgaon / Nagpada,4976,29.2,0.35,SCENARIO_1_NORMAL,true,42,2.0.0,2026-09-18T12:00:00Z
2026-08-25,18,F/S,Parel / Sewri / Lalbaug,5938,22.9,0.36,SCENARIO_1_NORMAL,true,42,2.0.0,2026-09-18T12:00:00Z
2026-08-25,19,G/S,Worli / Lower Parel,4890,22.9,0.31,SCENARIO_1_NORMAL,true,42,2.0.0,2026-09-18T12:00:00Z
2026-08-25,20,B,Sandhurst Road / Dongri,4121,24.9,0.27,SCENARIO_1_NORMAL,true,42,2.0.0,2026-09-18T12:00:00Z
2026-08-25,21,H/W,Bandra West / Khar,2262,11.4,0.23,SCENARIO_1_NORMAL,true,42,2.0.0,2026-09-18T12:00:00Z
2026-08-25,22,C,Marine Lines / Chandanwadi,2817,22.2,0.24,SCENARIO_1_NORMAL,true,42,2.0.0,2026-09-18T12:00:00Z
2026-08-25,23,A,Colaba / Fort / Nariman Point,3323,7.5,0.21,SCENARIO_1_NORMAL,true,42,2.0.0,2026-09-18T12:00:00Z
2026-08-25,24,D,Malabar Hill / Walkeshwar,1469,4.8,0.07,SCENARIO_1_NORMAL,true,42,2.0.0,2026-09-18T12:00:00Z
2026-08-26,1,M/E,Govandi / Mankhurd / Shivaji Nagar,30938,49.3,0.78,SCENARIO_3_SEVERE_SHORTAGE,true,42,2.0.0,2026-09-18T12:00:00Z
2026-08-26,2,G/N,Dharavi / Mahim / Dadar West,27464,51.3,0.68,SCENARIO_3_SEVERE_SHORTAGE,true,42,2.0.0,2026-09-18T12:00:00Z
2026-08-26,3,L,Kurla / Asalpha / Sakinaka,22928,44.5,0.65,SCENARIO_3_SEVERE_SHORTAGE,true,42,2.0.0,2026-09-18T12:00:00Z
2026-08-26,4,P/N,Malad / Marve / Malvani,18937,39.1,0.61,SCENARIO_3_SEVERE_SHORTAGE,true,42,2.0.0,2026-09-18T12:00:00Z
2026-08-26,5,F/N,Matunga / Sion / Wadala,16013,38.7,0.54,SCENARIO_3_SEVERE_SHORTAGE,true,42,2.0.0,2026-09-18T12:00:00Z
2026-08-26,6,H/E,Bandra East / Santacruz East,13358,38.2,0.48,SCENARIO_3_SEVERE_SHORTAGE,true,42,2.0.0,2026-09-18T12:00:00Z
2026-08-26,7,S,Bhandup / Kanjurmarg / Powai,14582,41.6,0.47,SCENARIO_3_SEVERE_SHORTAGE,true,42,2.0.0,2026-09-18T12:00:00Z
2026-08-26,8,K/E,Andheri East / Marol,12102,35.8,0.49,SCENARIO_3_SEVERE_SHORTAGE,true,42,2.0.0,2026-09-18T12:00:00Z
2026-08-26,9,N,Ghatkopar / Pant Nagar,9878,32.9,0.49,SCENARIO_3_SEVERE_SHORTAGE,true,42,2.0.0,2026-09-18T12:00:00Z
2026-08-26,10,P/S,Goregaon West & East,9699,35.3,0.41,SCENARIO_3_SEVERE_SHORTAGE,true,42,2.0.0,2026-09-18T12:00:00Z
2026-08-26,11,M/W,Chembur West / Tilak Nagar,8418,27.7,0.41,SCENARIO_3_SEVERE_SHORTAGE,true,42,2.0.0,2026-09-18T12:00:00Z
2026-08-26,12,R/S,Kandivali West & East,8170,30.4,0.36,SCENARIO_3_SEVERE_SHORTAGE,true,42,2.0.0,2026-09-18T12:00:00Z
2026-08-26,13,T,Mulund / Nahur,8308,30.7,0.31,SCENARIO_3_SEVERE_SHORTAGE,true,42,2.0.0,2026-09-18T12:00:00Z
2026-08-26,14,R/C,Borivali / Gorai,6692,24.9,0.37,SCENARIO_3_SEVERE_SHORTAGE,true,42,2.0.0,2026-09-18T12:00:00Z
2026-08-26,15,K/W,Andheri West / Versova,5316,4.4,0.09,SCENARIO_3_SEVERE_SHORTAGE,true,42,2.0.0,2026-09-18T12:00:00Z
2026-08-26,16,R/N,Dahisar / Mandapeshwar,5206,27.3,0.27,SCENARIO_3_SEVERE_SHORTAGE,true,42,2.0.0,2026-09-18T12:00:00Z
2026-08-26,17,E,Byculla / Mazgaon / Nagpada,6818,21.7,0.32,SCENARIO_3_SEVERE_SHORTAGE,true,42,2.0.0,2026-09-18T12:00:00Z
2026-08-26,18,F/S,Parel / Sewri / Lalbaug,4308,24.3,0.29,SCENARIO_3_SEVERE_SHORTAGE,true,42,2.0.0,2026-09-18T12:00:00Z
2026-08-26,19,G/S,Worli / Lower Parel,3539,20.7,0.3,SCENARIO_3_SEVERE_SHORTAGE,true,42,2.0.0,2026-09-18T12:00:00Z
2026-08-26,20,B,Sandhurst Road / Dongri,3836,17.0,0.34,SCENARIO_3_SEVERE_SHORTAGE,true,42,2.0.0,2026-09-18T12:00:00Z
2026-08-26,21,H/W,Bandra West / Khar,3239,12.0,0.24,SCENARIO_3_SEVERE_SHORTAGE,true,42,2.0.0,2026-09-18T12:00:00Z
2026-08-26,22,C,Marine Lines / Chandanwadi,2971,21.2,0.22,SCENARIO_3_SEVERE_SHORTAGE,true,42,2.0.0,2026-09-18T12:00:00Z
2026-08-26,23,A,Colaba / Fort / Nariman Point,1470,11.6,0.18,SCENARIO_3_SEVERE_SHORTAGE,true,42,2.0.0,2026-09-18T12:00:00Z
2026-08-26,24,D,Malabar Hill / Walkeshwar,2780,13.6,0.11,SCENARIO_3_SEVERE_SHORTAGE,true,42,2.0.0,2026-09-18T12:00:00Z
2026-08-27,1,M/E,Govandi / Mankhurd / Shivaji Nagar,32782,54.4,0.84,SCENARIO_3_SEVERE_SHORTAGE,true,42,2.0.0,2026-09-18T12:00:00Z
2026-08-27,2,G/N,Dharavi / Mahim / Dadar West,28995,52.2,0.67,SCENARIO_3_SEVERE_SHORTAGE,true,42,2.0.0,2026-09-18T12:00:00Z
2026-08-27,3,L,Kurla / Asalpha / Sakinaka,24191,46.6,0.62,SCENARIO_3_SEVERE_SHORTAGE,true,42,2.0.0,2026-09-18T12:00:00Z
2026-08-27,4,P/N,Malad / Marve / Malvani,19917,38.7,0.58,SCENARIO_3_SEVERE_SHORTAGE,true,42,2.0.0,2026-09-18T12:00:00Z
2026-08-27,5,F/N,Matunga / Sion / Wadala,15835,37.4,0.58,SCENARIO_3_SEVERE_SHORTAGE,true,42,2.0.0,2026-09-18T12:00:00Z
2026-08-27,6,H/E,Bandra East / Santacruz East,12851,41.1,0.56,SCENARIO_3_SEVERE_SHORTAGE,true,42,2.0.0,2026-09-18T12:00:00Z
2026-08-27,7,S,Bhandup / Kanjurmarg / Powai,16030,41.9,0.53,SCENARIO_3_SEVERE_SHORTAGE,true,42,2.0.0,2026-09-18T12:00:00Z
2026-08-27,8,K/E,Andheri East / Marol,12656,32.0,0.45,SCENARIO_3_SEVERE_SHORTAGE,true,42,2.0.0,2026-09-18T12:00:00Z
2026-08-27,9,N,Ghatkopar / Pant Nagar,11609,30.3,0.46,SCENARIO_3_SEVERE_SHORTAGE,true,42,2.0.0,2026-09-18T12:00:00Z
2026-08-27,10,P/S,Goregaon West & East,10671,36.8,0.39,SCENARIO_3_SEVERE_SHORTAGE,true,42,2.0.0,2026-09-18T12:00:00Z
2026-08-27,11,M/W,Chembur West / Tilak Nagar,10295,35.2,0.42,SCENARIO_3_SEVERE_SHORTAGE,true,42,2.0.0,2026-09-18T12:00:00Z
2026-08-27,12,R/S,Kandivali West & East,7344,24.9,0.43,SCENARIO_3_SEVERE_SHORTAGE,true,42,2.0.0,2026-09-18T12:00:00Z
2026-08-27,13,T,Mulund / Nahur,6545,26.8,0.37,SCENARIO_3_SEVERE_SHORTAGE,true,42,2.0.0,2026-09-18T12:00:00Z
2026-08-27,14,R/C,Borivali / Gorai,8177,23.0,0.3,SCENARIO_3_SEVERE_SHORTAGE,true,42,2.0.0,2026-09-18T12:00:00Z
2026-08-27,15,K/W,Andheri West / Versova,6007,6.4,0.15,SCENARIO_3_SEVERE_SHORTAGE,true,42,2.0.0,2026-09-18T12:00:00Z
2026-08-27,16,R/N,Dahisar / Mandapeshwar,6405,26.5,0.27,SCENARIO_3_SEVERE_SHORTAGE,true,42,2.0.0,2026-09-18T12:00:00Z
2026-08-27,17,E,Byculla / Mazgaon / Nagpada,4440,23.7,0.4,SCENARIO_3_SEVERE_SHORTAGE,true,42,2.0.0,2026-09-18T12:00:00Z
2026-08-27,18,F/S,Parel / Sewri / Lalbaug,5408,20.6,0.33,SCENARIO_3_SEVERE_SHORTAGE,true,42,2.0.0,2026-09-18T12:00:00Z
2026-08-27,19,G/S,Worli / Lower Parel,3800,18.8,0.29,SCENARIO_3_SEVERE_SHORTAGE,true,42,2.0.0,2026-09-18T12:00:00Z
2026-08-27,20,B,Sandhurst Road / Dongri,3794,24.3,0.31,SCENARIO_3_SEVERE_SHORTAGE,true,42,2.0.0,2026-09-18T12:00:00Z
2026-08-27,21,H/W,Bandra West / Khar,2522,20.2,0.2,SCENARIO_3_SEVERE_SHORTAGE,true,42,2.0.0,2026-09-18T12:00:00Z
2026-08-27,22,C,Marine Lines / Chandanwadi,3347,17.7,0.19,SCENARIO_3_SEVERE_SHORTAGE,true,42,2.0.0,2026-09-18T12:00:00Z
2026-08-27,23,A,Colaba / Fort / Nariman Point,894,12.3,0.16,SCENARIO_3_SEVERE_SHORTAGE,true,42,2.0.0,2026-09-18T12:00:00Z
2026-08-27,24,D,Malabar Hill / Walkeshwar,2449,4.7,0.16,SCENARIO_3_SEVERE_SHORTAGE,true,42,2.0.0,2026-09-18T12:00:00Z
2026-08-28,1,M/E,Govandi / Mankhurd / Shivaji Nagar,32575,61.7,0.73,SCENARIO_3_SEVERE_SHORTAGE,true,42,2.0.0,2026-09-18T12:00:00Z
2026-08-28,2,G/N,Dharavi / Mahim / Dadar West,27866,55.8,0.67,SCENARIO_3_SEVERE_SHORTAGE,true,42,2.0.0,2026-09-18T12:00:00Z
2026-08-28,3,L,Kurla / Asalpha / Sakinaka,24641,52.0,0.7,SCENARIO_3_SEVERE_SHORTAGE,true,42,2.0.0,2026-09-18T12:00:00Z
2026-08-28,4,P/N,Malad / Marve / Malvani,19338,40.6,0.59,SCENARIO_3_SEVERE_SHORTAGE,true,42,2.0.0,2026-09-18T12:00:00Z
2026-08-28,5,F/N,Matunga / Sion / Wadala,17175,44.5,0.54,SCENARIO_3_SEVERE_SHORTAGE,true,42,2.0.0,2026-09-18T12:00:00Z
2026-08-28,6,H/E,Bandra East / Santacruz East,14780,39.2,0.56,SCENARIO_3_SEVERE_SHORTAGE,true,42,2.0.0,2026-09-18T12:00:00Z
2026-08-28,7,S,Bhandup / Kanjurmarg / Powai,15562,40.8,0.52,SCENARIO_3_SEVERE_SHORTAGE,true,42,2.0.0,2026-09-18T12:00:00Z
2026-08-28,8,K/E,Andheri East / Marol,13774,31.8,0.53,SCENARIO_3_SEVERE_SHORTAGE,true,42,2.0.0,2026-09-18T12:00:00Z
2026-08-28,9,N,Ghatkopar / Pant Nagar,11688,36.5,0.42,SCENARIO_3_SEVERE_SHORTAGE,true,42,2.0.0,2026-09-18T12:00:00Z
2026-08-28,10,P/S,Goregaon West & East,11137,28.9,0.46,SCENARIO_3_SEVERE_SHORTAGE,true,42,2.0.0,2026-09-18T12:00:00Z
2026-08-28,11,M/W,Chembur West / Tilak Nagar,9030,35.0,0.4,SCENARIO_3_SEVERE_SHORTAGE,true,42,2.0.0,2026-09-18T12:00:00Z
2026-08-28,12,R/S,Kandivali West & East,7362,30.8,0.43,SCENARIO_3_SEVERE_SHORTAGE,true,42,2.0.0,2026-09-18T12:00:00Z
2026-08-28,13,T,Mulund / Nahur,7997,24.6,0.37,SCENARIO_3_SEVERE_SHORTAGE,true,42,2.0.0,2026-09-18T12:00:00Z
2026-08-28,14,R/C,Borivali / Gorai,6865,26.1,0.34,SCENARIO_3_SEVERE_SHORTAGE,true,42,2.0.0,2026-09-18T12:00:00Z
2026-08-28,15,K/W,Andheri West / Versova,4827,11.5,0.13,SCENARIO_3_SEVERE_SHORTAGE,true,42,2.0.0,2026-09-18T12:00:00Z
2026-08-28,16,R/N,Dahisar / Mandapeshwar,6424,20.1,0.3,SCENARIO_3_SEVERE_SHORTAGE,true,42,2.0.0,2026-09-18T12:00:00Z
2026-08-28,17,E,Byculla / Mazgaon / Nagpada,5279,22.7,0.33,SCENARIO_3_SEVERE_SHORTAGE,true,42,2.0.0,2026-09-18T12:00:00Z
2026-08-28,18,F/S,Parel / Sewri / Lalbaug,4864,24.9,0.3,SCENARIO_3_SEVERE_SHORTAGE,true,42,2.0.0,2026-09-18T12:00:00Z
2026-08-28,19,G/S,Worli / Lower Parel,3363,17.2,0.23,SCENARIO_3_SEVERE_SHORTAGE,true,42,2.0.0,2026-09-18T12:00:00Z
2026-08-28,20,B,Sandhurst Road / Dongri,4878,24.5,0.34,SCENARIO_3_SEVERE_SHORTAGE,true,42,2.0.0,2026-09-18T12:00:00Z
2026-08-28,21,H/W,Bandra West / Khar,2728,12.4,0.18,SCENARIO_3_SEVERE_SHORTAGE,true,42,2.0.0,2026-09-18T12:00:00Z
2026-08-28,22,C,Marine Lines / Chandanwadi,2050,17.8,0.24,SCENARIO_3_SEVERE_SHORTAGE,true,42,2.0.0,2026-09-18T12:00:00Z
2026-08-28,23,A,Colaba / Fort / Nariman Point,2027,7.6,0.16,SCENARIO_3_SEVERE_SHORTAGE,true,42,2.0.0,2026-09-18T12:00:00Z
2026-08-28,24,D,Malabar Hill / Walkeshwar,1000,13.4,0.14,SCENARIO_3_SEVERE_SHORTAGE,true,42,2.0.0,2026-09-18T12:00:00Z
2026-08-29,1,M/E,Govandi / Mankhurd / Shivaji Nagar,32137,50.2,0.75,SCENARIO_1_NORMAL,true,42,2.0.0,2026-09-18T12:00:00Z
2026-08-29,2,G/N,Dharavi / Mahim / Dadar West,27165,53.8,0.74,SCENARIO_1_NORMAL,true,42,2.0.0,2026-09-18T12:00:00Z
2026-08-29,3,L,Kurla / Asalpha / Sakinaka,23595,52.4,0.71,SCENARIO_1_NORMAL,true,42,2.0.0,2026-09-18T12:00:00Z
2026-08-29,4,P/N,Malad / Marve / Malvani,20457,48.0,0.55,SCENARIO_1_NORMAL,true,42,2.0.0,2026-09-18T12:00:00Z
2026-08-29,5,F/N,Matunga / Sion / Wadala,17452,37.1,0.54,SCENARIO_1_NORMAL,true,42,2.0.0,2026-09-18T12:00:00Z
2026-08-29,6,H/E,Bandra East / Santacruz East,13400,35.0,0.57,SCENARIO_1_NORMAL,true,42,2.0.0,2026-09-18T12:00:00Z
2026-08-29,7,S,Bhandup / Kanjurmarg / Powai,15292,39.1,0.52,SCENARIO_1_NORMAL,true,42,2.0.0,2026-09-18T12:00:00Z
2026-08-29,8,K/E,Andheri East / Marol,13206,33.3,0.45,SCENARIO_1_NORMAL,true,42,2.0.0,2026-09-18T12:00:00Z
2026-08-29,9,N,Ghatkopar / Pant Nagar,10246,37.1,0.47,SCENARIO_1_NORMAL,true,42,2.0.0,2026-09-18T12:00:00Z
2026-08-29,10,P/S,Goregaon West & East,10214,29.9,0.42,SCENARIO_1_NORMAL,true,42,2.0.0,2026-09-18T12:00:00Z
2026-08-29,11,M/W,Chembur West / Tilak Nagar,9784,29.3,0.44,SCENARIO_1_NORMAL,true,42,2.0.0,2026-09-18T12:00:00Z
2026-08-29,12,R/S,Kandivali West & East,7381,25.7,0.43,SCENARIO_1_NORMAL,true,42,2.0.0,2026-09-18T12:00:00Z
2026-08-29,13,T,Mulund / Nahur,8385,22.6,0.4,SCENARIO_1_NORMAL,true,42,2.0.0,2026-09-18T12:00:00Z
2026-08-29,14,R/C,Borivali / Gorai,7762,22.9,0.38,SCENARIO_1_NORMAL,true,42,2.0.0,2026-09-18T12:00:00Z
2026-08-29,15,K/W,Andheri West / Versova,5071,5.4,0.12,SCENARIO_1_NORMAL,true,42,2.0.0,2026-09-18T12:00:00Z
2026-08-29,16,R/N,Dahisar / Mandapeshwar,4965,20.6,0.34,SCENARIO_1_NORMAL,true,42,2.0.0,2026-09-18T12:00:00Z
2026-08-29,17,E,Byculla / Mazgaon / Nagpada,5514,29.9,0.4,SCENARIO_1_NORMAL,true,42,2.0.0,2026-09-18T12:00:00Z
2026-08-29,18,F/S,Parel / Sewri / Lalbaug,5817,23.4,0.29,SCENARIO_1_NORMAL,true,42,2.0.0,2026-09-18T12:00:00Z
2026-08-29,19,G/S,Worli / Lower Parel,4216,17.2,0.24,SCENARIO_1_NORMAL,true,42,2.0.0,2026-09-18T12:00:00Z
2026-08-29,20,B,Sandhurst Road / Dongri,2398,25.9,0.33,SCENARIO_1_NORMAL,true,42,2.0.0,2026-09-18T12:00:00Z
2026-08-29,21,H/W,Bandra West / Khar,4338,15.6,0.21,SCENARIO_1_NORMAL,true,42,2.0.0,2026-09-18T12:00:00Z
2026-08-29,22,C,Marine Lines / Chandanwadi,2519,18.0,0.23,SCENARIO_1_NORMAL,true,42,2.0.0,2026-09-18T12:00:00Z
2026-08-29,23,A,Colaba / Fort / Nariman Point,2230,8.4,0.13,SCENARIO_1_NORMAL,true,42,2.0.0,2026-09-18T12:00:00Z
2026-08-29,24,D,Malabar Hill / Walkeshwar,792,8.6,0.17,SCENARIO_1_NORMAL,true,42,2.0.0,2026-09-18T12:00:00Z
2026-08-30,1,M/E,Govandi / Mankhurd / Shivaji Nagar,31196,59.1,0.74,SCENARIO_1_NORMAL,true,42,2.0.0,2026-09-18T12:00:00Z
2026-08-30,2,G/N,Dharavi / Mahim / Dadar West,27241,48.7,0.65,SCENARIO_1_NORMAL,true,42,2.0.0,2026-09-18T12:00:00Z
2026-08-30,3,L,Kurla / Asalpha / Sakinaka,23826,52.6,0.64,SCENARIO_1_NORMAL,true,42,2.0.0,2026-09-18T12:00:00Z
2026-08-30,4,P/N,Malad / Marve / Malvani,19121,44.5,0.59,SCENARIO_1_NORMAL,true,42,2.0.0,2026-09-18T12:00:00Z
2026-08-30,5,F/N,Matunga / Sion / Wadala,17421,41.0,0.52,SCENARIO_1_NORMAL,true,42,2.0.0,2026-09-18T12:00:00Z
2026-08-30,6,H/E,Bandra East / Santacruz East,13881,43.9,0.56,SCENARIO_1_NORMAL,true,42,2.0.0,2026-09-18T12:00:00Z
2026-08-30,7,S,Bhandup / Kanjurmarg / Powai,16005,37.6,0.48,SCENARIO_1_NORMAL,true,42,2.0.0,2026-09-18T12:00:00Z
2026-08-30,8,K/E,Andheri East / Marol,13802,40.0,0.47,SCENARIO_1_NORMAL,true,42,2.0.0,2026-09-18T12:00:00Z
2026-08-30,9,N,Ghatkopar / Pant Nagar,11309,32.0,0.49,SCENARIO_1_NORMAL,true,42,2.0.0,2026-09-18T12:00:00Z
2026-08-30,10,P/S,Goregaon West & East,8935,33.1,0.46,SCENARIO_1_NORMAL,true,42,2.0.0,2026-09-18T12:00:00Z
2026-08-30,11,M/W,Chembur West / Tilak Nagar,9520,27.4,0.45,SCENARIO_1_NORMAL,true,42,2.0.0,2026-09-18T12:00:00Z
2026-08-30,12,R/S,Kandivali West & East,9442,28.0,0.4,SCENARIO_1_NORMAL,true,42,2.0.0,2026-09-18T12:00:00Z
2026-08-30,13,T,Mulund / Nahur,8335,31.3,0.34,SCENARIO_1_NORMAL,true,42,2.0.0,2026-09-18T12:00:00Z
2026-08-30,14,R/C,Borivali / Gorai,5806,20.9,0.34,SCENARIO_1_NORMAL,true,42,2.0.0,2026-09-18T12:00:00Z
2026-08-30,15,K/W,Andheri West / Versova,6954,5.2,0.14,SCENARIO_1_NORMAL,true,42,2.0.0,2026-09-18T12:00:00Z
2026-08-30,16,R/N,Dahisar / Mandapeshwar,5148,22.0,0.36,SCENARIO_1_NORMAL,true,42,2.0.0,2026-09-18T12:00:00Z
2026-08-30,17,E,Byculla / Mazgaon / Nagpada,6048,28.7,0.36,SCENARIO_1_NORMAL,true,42,2.0.0,2026-09-18T12:00:00Z
2026-08-30,18,F/S,Parel / Sewri / Lalbaug,4661,24.7,0.32,SCENARIO_1_NORMAL,true,42,2.0.0,2026-09-18T12:00:00Z
2026-08-30,19,G/S,Worli / Lower Parel,3496,24.3,0.25,SCENARIO_1_NORMAL,true,42,2.0.0,2026-09-18T12:00:00Z
2026-08-30,20,B,Sandhurst Road / Dongri,3576,18.8,0.32,SCENARIO_1_NORMAL,true,42,2.0.0,2026-09-18T12:00:00Z
2026-08-30,21,H/W,Bandra West / Khar,4462,10.8,0.2,SCENARIO_1_NORMAL,true,42,2.0.0,2026-09-18T12:00:00Z
2026-08-30,22,C,Marine Lines / Chandanwadi,3584,21.5,0.26,SCENARIO_1_NORMAL,true,42,2.0.0,2026-09-18T12:00:00Z
2026-08-30,23,A,Colaba / Fort / Nariman Point,1549,12.4,0.18,SCENARIO_1_NORMAL,true,42,2.0.0,2026-09-18T12:00:00Z
2026-08-30,24,D,Malabar Hill / Walkeshwar,2977,6.8,0.16,SCENARIO_1_NORMAL,true,42,2.0.0,2026-09-18T12:00:00Z
2026-08-31,1,M/E,Govandi / Mankhurd / Shivaji Nagar,31789,62.8,0.77,SCENARIO_1_NORMAL,true,42,2.0.0,2026-09-18T12:00:00Z
2026-08-31,2,G/N,Dharavi / Mahim / Dadar West,29214,53.3,0.7,SCENARIO_1_NORMAL,true,42,2.0.0,2026-09-18T12:00:00Z
2026-08-31,3,L,Kurla / Asalpha / Sakinaka,24316,52.5,0.65,SCENARIO_1_NORMAL,true,42,2.0.0,2026-09-18T12:00:00Z
2026-08-31,4,P/N,Malad / Marve / Malvani,19311,41.9,0.58,SCENARIO_1_NORMAL,true,42,2.0.0,2026-09-18T12:00:00Z
2026-08-31,5,F/N,Matunga / Sion / Wadala,16547,40.1,0.52,SCENARIO_1_NORMAL,true,42,2.0.0,2026-09-18T12:00:00Z
2026-08-31,6,H/E,Bandra East / Santacruz East,15033,40.7,0.55,SCENARIO_1_NORMAL,true,42,2.0.0,2026-09-18T12:00:00Z
2026-08-31,7,S,Bhandup / Kanjurmarg / Powai,14047,39.6,0.47,SCENARIO_1_NORMAL,true,42,2.0.0,2026-09-18T12:00:00Z
2026-08-31,8,K/E,Andheri East / Marol,14195,32.7,0.52,SCENARIO_1_NORMAL,true,42,2.0.0,2026-09-18T12:00:00Z
2026-08-31,9,N,Ghatkopar / Pant Nagar,10681,37.2,0.43,SCENARIO_1_NORMAL,true,42,2.0.0,2026-09-18T12:00:00Z
2026-08-31,10,P/S,Goregaon West & East,11265,28.2,0.41,SCENARIO_1_NORMAL,true,42,2.0.0,2026-09-18T12:00:00Z
2026-08-31,11,M/W,Chembur West / Tilak Nagar,9603,26.6,0.39,SCENARIO_1_NORMAL,true,42,2.0.0,2026-09-18T12:00:00Z
2026-08-31,12,R/S,Kandivali West & East,8058,32.7,0.36,SCENARIO_1_NORMAL,true,42,2.0.0,2026-09-18T12:00:00Z
2026-08-31,13,T,Mulund / Nahur,8121,26.8,0.38,SCENARIO_1_NORMAL,true,42,2.0.0,2026-09-18T12:00:00Z
2026-08-31,14,R/C,Borivali / Gorai,7876,26.4,0.32,SCENARIO_1_NORMAL,true,42,2.0.0,2026-09-18T12:00:00Z
2026-08-31,15,K/W,Andheri West / Versova,7372,9.0,0.11,SCENARIO_1_NORMAL,true,42,2.0.0,2026-09-18T12:00:00Z
2026-08-31,16,R/N,Dahisar / Mandapeshwar,6738,22.1,0.33,SCENARIO_1_NORMAL,true,42,2.0.0,2026-09-18T12:00:00Z
2026-08-31,17,E,Byculla / Mazgaon / Nagpada,6935,21.6,0.35,SCENARIO_1_NORMAL,true,42,2.0.0,2026-09-18T12:00:00Z
2026-08-31,18,F/S,Parel / Sewri / Lalbaug,5692,24.2,0.31,SCENARIO_1_NORMAL,true,42,2.0.0,2026-09-18T12:00:00Z
2026-08-31,19,G/S,Worli / Lower Parel,5662,24.2,0.31,SCENARIO_1_NORMAL,true,42,2.0.0,2026-09-18T12:00:00Z
2026-08-31,20,B,Sandhurst Road / Dongri,3185,22.4,0.3,SCENARIO_1_NORMAL,true,42,2.0.0,2026-09-18T12:00:00Z
2026-08-31,21,H/W,Bandra West / Khar,2669,16.7,0.19,SCENARIO_1_NORMAL,true,42,2.0.0,2026-09-18T12:00:00Z
2026-08-31,22,C,Marine Lines / Chandanwadi,3484,21.7,0.28,SCENARIO_1_NORMAL,true,42,2.0.0,2026-09-18T12:00:00Z
2026-08-31,23,A,Colaba / Fort / Nariman Point,1459,15.5,0.21,SCENARIO_1_NORMAL,true,42,2.0.0,2026-09-18T12:00:00Z
2026-08-31,24,D,Malabar Hill / Walkeshwar,356,11.4,0.15,SCENARIO_1_NORMAL,true,42,2.0.0,2026-09-18T12:00:00Z
2026-09-01,1,M/E,Govandi / Mankhurd / Shivaji Nagar,31084,57.1,0.74,SCENARIO_1_NORMAL,true,42,2.0.0,2026-09-18T12:00:00Z
2026-09-01,2,G/N,Dharavi / Mahim / Dadar West,28097,52.6,0.68,SCENARIO_1_NORMAL,true,42,2.0.0,2026-09-18T12:00:00Z
2026-09-01,3,L,Kurla / Asalpha / Sakinaka,23624,49.3,0.65,SCENARIO_1_NORMAL,true,42,2.0.0,2026-09-18T12:00:00Z
2026-09-01,4,P/N,Malad / Marve / Malvani,19496,40.6,0.62,SCENARIO_1_NORMAL,true,42,2.0.0,2026-09-18T12:00:00Z
2026-09-01,5,F/N,Matunga / Sion / Wadala,15584,37.4,0.51,SCENARIO_1_NORMAL,true,42,2.0.0,2026-09-18T12:00:00Z
2026-09-01,6,H/E,Bandra East / Santacruz East,15123,37.4,0.56,SCENARIO_1_NORMAL,true,42,2.0.0,2026-09-18T12:00:00Z
2026-09-01,7,S,Bhandup / Kanjurmarg / Powai,14162,34.3,0.54,SCENARIO_1_NORMAL,true,42,2.0.0,2026-09-18T12:00:00Z
2026-09-01,8,K/E,Andheri East / Marol,14065,31.9,0.48,SCENARIO_1_NORMAL,true,42,2.0.0,2026-09-18T12:00:00Z
2026-09-01,9,N,Ghatkopar / Pant Nagar,11016,30.5,0.42,SCENARIO_1_NORMAL,true,42,2.0.0,2026-09-18T12:00:00Z
2026-09-01,10,P/S,Goregaon West & East,11496,31.1,0.45,SCENARIO_1_NORMAL,true,42,2.0.0,2026-09-18T12:00:00Z
2026-09-01,11,M/W,Chembur West / Tilak Nagar,10169,35.1,0.37,SCENARIO_1_NORMAL,true,42,2.0.0,2026-09-18T12:00:00Z
2026-09-01,12,R/S,Kandivali West & East,9818,25.0,0.42,SCENARIO_1_NORMAL,true,42,2.0.0,2026-09-18T12:00:00Z
2026-09-01,13,T,Mulund / Nahur,6973,30.2,0.38,SCENARIO_1_NORMAL,true,42,2.0.0,2026-09-18T12:00:00Z
2026-09-01,14,R/C,Borivali / Gorai,6530,21.4,0.38,SCENARIO_1_NORMAL,true,42,2.0.0,2026-09-18T12:00:00Z
2026-09-01,15,K/W,Andheri West / Versova,6354,7.4,0.14,SCENARIO_1_NORMAL,true,42,2.0.0,2026-09-18T12:00:00Z
2026-09-01,16,R/N,Dahisar / Mandapeshwar,5276,23.1,0.33,SCENARIO_1_NORMAL,true,42,2.0.0,2026-09-18T12:00:00Z
2026-09-01,17,E,Byculla / Mazgaon / Nagpada,6450,31.3,0.41,SCENARIO_1_NORMAL,true,42,2.0.0,2026-09-18T12:00:00Z
2026-09-01,18,F/S,Parel / Sewri / Lalbaug,5562,23.3,0.27,SCENARIO_1_NORMAL,true,42,2.0.0,2026-09-18T12:00:00Z
2026-09-01,19,G/S,Worli / Lower Parel,5145,24.6,0.25,SCENARIO_1_NORMAL,true,42,2.0.0,2026-09-18T12:00:00Z
2026-09-01,20,B,Sandhurst Road / Dongri,4265,21.6,0.29,SCENARIO_1_NORMAL,true,42,2.0.0,2026-09-18T12:00:00Z
2026-09-01,21,H/W,Bandra West / Khar,2366,17.1,0.2,SCENARIO_1_NORMAL,true,42,2.0.0,2026-09-18T12:00:00Z
2026-09-01,22,C,Marine Lines / Chandanwadi,1438,20.5,0.27,SCENARIO_1_NORMAL,true,42,2.0.0,2026-09-18T12:00:00Z
2026-09-01,23,A,Colaba / Fort / Nariman Point,3246,11.3,0.15,SCENARIO_1_NORMAL,true,42,2.0.0,2026-09-18T12:00:00Z
2026-09-01,24,D,Malabar Hill / Walkeshwar,2517,11.3,0.15,SCENARIO_1_NORMAL,true,42,2.0.0,2026-09-18T12:00:00Z
2026-09-02,1,M/E,Govandi / Mankhurd / Shivaji Nagar,32126,65.9,0.73,SCENARIO_1_NORMAL,true,42,2.0.0,2026-09-18T12:00:00Z
2026-09-02,2,G/N,Dharavi / Mahim / Dadar West,28338,47.1,0.66,SCENARIO_1_NORMAL,true,42,2.0.0,2026-09-18T12:00:00Z
2026-09-02,3,L,Kurla / Asalpha / Sakinaka,25173,48.7,0.62,SCENARIO_1_NORMAL,true,42,2.0.0,2026-09-18T12:00:00Z
2026-09-02,4,P/N,Malad / Marve / Malvani,20177,38.5,0.59,SCENARIO_1_NORMAL,true,42,2.0.0,2026-09-18T12:00:00Z
2026-09-02,5,F/N,Matunga / Sion / Wadala,14942,43.4,0.51,SCENARIO_1_NORMAL,true,42,2.0.0,2026-09-18T12:00:00Z
2026-09-02,6,H/E,Bandra East / Santacruz East,13712,42.3,0.5,SCENARIO_1_NORMAL,true,42,2.0.0,2026-09-18T12:00:00Z
2026-09-02,7,S,Bhandup / Kanjurmarg / Powai,15561,34.4,0.55,SCENARIO_1_NORMAL,true,42,2.0.0,2026-09-18T12:00:00Z
2026-09-02,8,K/E,Andheri East / Marol,12524,36.1,0.52,SCENARIO_1_NORMAL,true,42,2.0.0,2026-09-18T12:00:00Z
2026-09-02,9,N,Ghatkopar / Pant Nagar,12022,29.5,0.45,SCENARIO_1_NORMAL,true,42,2.0.0,2026-09-18T12:00:00Z
2026-09-02,10,P/S,Goregaon West & East,10273,29.5,0.46,SCENARIO_1_NORMAL,true,42,2.0.0,2026-09-18T12:00:00Z
2026-09-02,11,M/W,Chembur West / Tilak Nagar,9792,30.3,0.44,SCENARIO_1_NORMAL,true,42,2.0.0,2026-09-18T12:00:00Z
2026-09-02,12,R/S,Kandivali West & East,9228,27.3,0.36,SCENARIO_1_NORMAL,true,42,2.0.0,2026-09-18T12:00:00Z
2026-09-02,13,T,Mulund / Nahur,7554,23.5,0.39,SCENARIO_1_NORMAL,true,42,2.0.0,2026-09-18T12:00:00Z
2026-09-02,14,R/C,Borivali / Gorai,8396,21.2,0.31,SCENARIO_1_NORMAL,true,42,2.0.0,2026-09-18T12:00:00Z
2026-09-02,15,K/W,Andheri West / Versova,5121,5.4,0.16,SCENARIO_1_NORMAL,true,42,2.0.0,2026-09-18T12:00:00Z
2026-09-02,16,R/N,Dahisar / Mandapeshwar,4965,28.0,0.28,SCENARIO_1_NORMAL,true,42,2.0.0,2026-09-18T12:00:00Z
2026-09-02,17,E,Byculla / Mazgaon / Nagpada,5375,27.9,0.35,SCENARIO_1_NORMAL,true,42,2.0.0,2026-09-18T12:00:00Z
2026-09-02,18,F/S,Parel / Sewri / Lalbaug,6278,26.9,0.36,SCENARIO_1_NORMAL,true,42,2.0.0,2026-09-18T12:00:00Z
2026-09-02,19,G/S,Worli / Lower Parel,4360,23.5,0.24,SCENARIO_1_NORMAL,true,42,2.0.0,2026-09-18T12:00:00Z
2026-09-02,20,B,Sandhurst Road / Dongri,3966,23.6,0.28,SCENARIO_1_NORMAL,true,42,2.0.0,2026-09-18T12:00:00Z
2026-09-02,21,H/W,Bandra West / Khar,2396,17.7,0.22,SCENARIO_1_NORMAL,true,42,2.0.0,2026-09-18T12:00:00Z
2026-09-02,22,C,Marine Lines / Chandanwadi,3313,20.9,0.26,SCENARIO_1_NORMAL,true,42,2.0.0,2026-09-18T12:00:00Z
2026-09-02,23,A,Colaba / Fort / Nariman Point,2287,7.4,0.12,SCENARIO_1_NORMAL,true,42,2.0.0,2026-09-18T12:00:00Z
2026-09-02,24,D,Malabar Hill / Walkeshwar,2813,8.7,0.1,SCENARIO_1_NORMAL,true,42,2.0.0,2026-09-18T12:00:00Z
2026-09-03,1,M/E,Govandi / Mankhurd / Shivaji Nagar,31578,63.2,0.85,SCENARIO_1_NORMAL,true,42,2.0.0,2026-09-18T12:00:00Z
2026-09-03,2,G/N,Dharavi / Mahim / Dadar West,27930,51.8,0.69,SCENARIO_1_NORMAL,true,42,2.0.0,2026-09-18T12:00:00Z
2026-09-03,3,L,Kurla / Asalpha / Sakinaka,24837,48.6,0.64,SCENARIO_1_NORMAL,true,42,2.0.0,2026-09-18T12:00:00Z
2026-09-03,4,P/N,Malad / Marve / Malvani,19530,44.1,0.61,SCENARIO_1_NORMAL,true,42,2.0.0,2026-09-18T12:00:00Z
2026-09-03,5,F/N,Matunga / Sion / Wadala,17079,35.7,0.53,SCENARIO_1_NORMAL,true,42,2.0.0,2026-09-18T12:00:00Z
2026-09-03,6,H/E,Bandra East / Santacruz East,12978,43.0,0.55,SCENARIO_1_NORMAL,true,42,2.0.0,2026-09-18T12:00:00Z
2026-09-03,7,S,Bhandup / Kanjurmarg / Powai,15901,41.9,0.51,SCENARIO_1_NORMAL,true,42,2.0.0,2026-09-18T12:00:00Z
2026-09-03,8,K/E,Andheri East / Marol,12264,35.5,0.53,SCENARIO_1_NORMAL,true,42,2.0.0,2026-09-18T12:00:00Z
2026-09-03,9,N,Ghatkopar / Pant Nagar,11081,30.7,0.47,SCENARIO_1_NORMAL,true,42,2.0.0,2026-09-18T12:00:00Z
2026-09-03,10,P/S,Goregaon West & East,8960,28.9,0.45,SCENARIO_1_NORMAL,true,42,2.0.0,2026-09-18T12:00:00Z
2026-09-03,11,M/W,Chembur West / Tilak Nagar,7872,26.2,0.38,SCENARIO_1_NORMAL,true,42,2.0.0,2026-09-18T12:00:00Z
2026-09-03,12,R/S,Kandivali West & East,7878,27.8,0.36,SCENARIO_1_NORMAL,true,42,2.0.0,2026-09-18T12:00:00Z
2026-09-03,13,T,Mulund / Nahur,6510,30.0,0.34,SCENARIO_1_NORMAL,true,42,2.0.0,2026-09-18T12:00:00Z
2026-09-03,14,R/C,Borivali / Gorai,6163,23.9,0.3,SCENARIO_1_NORMAL,true,42,2.0.0,2026-09-18T12:00:00Z
2026-09-03,15,K/W,Andheri West / Versova,6217,6.1,0.14,SCENARIO_1_NORMAL,true,42,2.0.0,2026-09-18T12:00:00Z
2026-09-03,16,R/N,Dahisar / Mandapeshwar,5764,20.2,0.35,SCENARIO_1_NORMAL,true,42,2.0.0,2026-09-18T12:00:00Z
2026-09-03,17,E,Byculla / Mazgaon / Nagpada,4387,22.4,0.32,SCENARIO_1_NORMAL,true,42,2.0.0,2026-09-18T12:00:00Z
2026-09-03,18,F/S,Parel / Sewri / Lalbaug,6310,19.3,0.33,SCENARIO_1_NORMAL,true,42,2.0.0,2026-09-18T12:00:00Z
2026-09-03,19,G/S,Worli / Lower Parel,4399,23.3,0.3,SCENARIO_1_NORMAL,true,42,2.0.0,2026-09-18T12:00:00Z
2026-09-03,20,B,Sandhurst Road / Dongri,2629,25.2,0.3,SCENARIO_1_NORMAL,true,42,2.0.0,2026-09-18T12:00:00Z
2026-09-03,21,H/W,Bandra West / Khar,2186,10.8,0.2,SCENARIO_1_NORMAL,true,42,2.0.0,2026-09-18T12:00:00Z
2026-09-03,22,C,Marine Lines / Chandanwadi,3991,15.8,0.28,SCENARIO_1_NORMAL,true,42,2.0.0,2026-09-18T12:00:00Z
2026-09-03,23,A,Colaba / Fort / Nariman Point,1033,15.2,0.13,SCENARIO_1_NORMAL,true,42,2.0.0,2026-09-18T12:00:00Z
2026-09-03,24,D,Malabar Hill / Walkeshwar,1857,13.6,0.12,SCENARIO_1_NORMAL,true,42,2.0.0,2026-09-18T12:00:00Z
2026-09-04,1,M/E,Govandi / Mankhurd / Shivaji Nagar,40291,67.4,0.77,SCENARIO_4_HEATWAVE_SURGE,true,42,2.0.0,2026-09-18T12:00:00Z
2026-09-04,2,G/N,Dharavi / Mahim / Dadar West,35165,50.1,0.71,SCENARIO_4_HEATWAVE_SURGE,true,42,2.0.0,2026-09-18T12:00:00Z
2026-09-04,3,L,Kurla / Asalpha / Sakinaka,30086,46.6,0.63,SCENARIO_4_HEATWAVE_SURGE,true,42,2.0.0,2026-09-18T12:00:00Z
2026-09-04,4,P/N,Malad / Marve / Malvani,23931,39.5,0.63,SCENARIO_4_HEATWAVE_SURGE,true,42,2.0.0,2026-09-18T12:00:00Z
2026-09-04,5,F/N,Matunga / Sion / Wadala,18603,39.3,0.55,SCENARIO_4_HEATWAVE_SURGE,true,42,2.0.0,2026-09-18T12:00:00Z
2026-09-04,6,H/E,Bandra East / Santacruz East,14391,38.4,0.55,SCENARIO_4_HEATWAVE_SURGE,true,42,2.0.0,2026-09-18T12:00:00Z
2026-09-04,7,S,Bhandup / Kanjurmarg / Powai,18528,42.3,0.51,SCENARIO_4_HEATWAVE_SURGE,true,42,2.0.0,2026-09-18T12:00:00Z
2026-09-04,8,K/E,Andheri East / Marol,14302,34.0,0.48,SCENARIO_4_HEATWAVE_SURGE,true,42,2.0.0,2026-09-18T12:00:00Z
2026-09-04,9,N,Ghatkopar / Pant Nagar,12417,33.2,0.47,SCENARIO_4_HEATWAVE_SURGE,true,42,2.0.0,2026-09-18T12:00:00Z
2026-09-04,10,P/S,Goregaon West & East,10333,32.4,0.42,SCENARIO_4_HEATWAVE_SURGE,true,42,2.0.0,2026-09-18T12:00:00Z
2026-09-04,11,M/W,Chembur West / Tilak Nagar,10419,29.0,0.37,SCENARIO_4_HEATWAVE_SURGE,true,42,2.0.0,2026-09-18T12:00:00Z
2026-09-04,12,R/S,Kandivali West & East,8233,25.3,0.41,SCENARIO_4_HEATWAVE_SURGE,true,42,2.0.0,2026-09-18T12:00:00Z
2026-09-04,13,T,Mulund / Nahur,8914,23.5,0.37,SCENARIO_4_HEATWAVE_SURGE,true,42,2.0.0,2026-09-18T12:00:00Z
2026-09-04,14,R/C,Borivali / Gorai,6850,27.9,0.32,SCENARIO_4_HEATWAVE_SURGE,true,42,2.0.0,2026-09-18T12:00:00Z
2026-09-04,15,K/W,Andheri West / Versova,6220,11.4,0.14,SCENARIO_4_HEATWAVE_SURGE,true,42,2.0.0,2026-09-18T12:00:00Z
2026-09-04,16,R/N,Dahisar / Mandapeshwar,7032,24.8,0.27,SCENARIO_4_HEATWAVE_SURGE,true,42,2.0.0,2026-09-18T12:00:00Z
2026-09-04,17,E,Byculla / Mazgaon / Nagpada,6072,25.3,0.4,SCENARIO_4_HEATWAVE_SURGE,true,42,2.0.0,2026-09-18T12:00:00Z
2026-09-04,18,F/S,Parel / Sewri / Lalbaug,6352,23.9,0.27,SCENARIO_4_HEATWAVE_SURGE,true,42,2.0.0,2026-09-18T12:00:00Z
2026-09-04,19,G/S,Worli / Lower Parel,4964,21.6,0.28,SCENARIO_4_HEATWAVE_SURGE,true,42,2.0.0,2026-09-18T12:00:00Z
2026-09-04,20,B,Sandhurst Road / Dongri,2404,17.3,0.32,SCENARIO_4_HEATWAVE_SURGE,true,42,2.0.0,2026-09-18T12:00:00Z
2026-09-04,21,H/W,Bandra West / Khar,2207,15.4,0.21,SCENARIO_4_HEATWAVE_SURGE,true,42,2.0.0,2026-09-18T12:00:00Z
2026-09-04,22,C,Marine Lines / Chandanwadi,3600,12.7,0.27,SCENARIO_4_HEATWAVE_SURGE,true,42,2.0.0,2026-09-18T12:00:00Z
2026-09-04,23,A,Colaba / Fort / Nariman Point,3327,15.9,0.15,SCENARIO_4_HEATWAVE_SURGE,true,42,2.0.0,2026-09-18T12:00:00Z
2026-09-04,24,D,Malabar Hill / Walkeshwar,1192,9.5,0.1,SCENARIO_4_HEATWAVE_SURGE,true,42,2.0.0,2026-09-18T12:00:00Z
2026-09-05,1,M/E,Govandi / Mankhurd / Shivaji Nagar,40767,63.5,0.79,SCENARIO_4_HEATWAVE_SURGE,true,42,2.0.0,2026-09-18T12:00:00Z
2026-09-05,2,G/N,Dharavi / Mahim / Dadar West,34041,51.5,0.74,SCENARIO_4_HEATWAVE_SURGE,true,42,2.0.0,2026-09-18T12:00:00Z
2026-09-05,3,L,Kurla / Asalpha / Sakinaka,28758,52.0,0.63,SCENARIO_4_HEATWAVE_SURGE,true,42,2.0.0,2026-09-18T12:00:00Z
2026-09-05,4,P/N,Malad / Marve / Malvani,26751,44.4,0.63,SCENARIO_4_HEATWAVE_SURGE,true,42,2.0.0,2026-09-18T12:00:00Z
2026-09-05,5,F/N,Matunga / Sion / Wadala,20455,36.7,0.59,SCENARIO_4_HEATWAVE_SURGE,true,42,2.0.0,2026-09-18T12:00:00Z
2026-09-05,6,H/E,Bandra East / Santacruz East,13811,38.9,0.54,SCENARIO_4_HEATWAVE_SURGE,true,42,2.0.0,2026-09-18T12:00:00Z
2026-09-05,7,S,Bhandup / Kanjurmarg / Powai,19402,39.0,0.51,SCENARIO_4_HEATWAVE_SURGE,true,42,2.0.0,2026-09-18T12:00:00Z
2026-09-05,8,K/E,Andheri East / Marol,14451,34.4,0.48,SCENARIO_4_HEATWAVE_SURGE,true,42,2.0.0,2026-09-18T12:00:00Z
2026-09-05,9,N,Ghatkopar / Pant Nagar,10147,36.5,0.49,SCENARIO_4_HEATWAVE_SURGE,true,42,2.0.0,2026-09-18T12:00:00Z
2026-09-05,10,P/S,Goregaon West & East,9119,29.7,0.42,SCENARIO_4_HEATWAVE_SURGE,true,42,2.0.0,2026-09-18T12:00:00Z
2026-09-05,11,M/W,Chembur West / Tilak Nagar,9772,25.5,0.41,SCENARIO_4_HEATWAVE_SURGE,true,42,2.0.0,2026-09-18T12:00:00Z
2026-09-05,12,R/S,Kandivali West & East,9660,28.2,0.41,SCENARIO_4_HEATWAVE_SURGE,true,42,2.0.0,2026-09-18T12:00:00Z
2026-09-05,13,T,Mulund / Nahur,7865,28.1,0.35,SCENARIO_4_HEATWAVE_SURGE,true,42,2.0.0,2026-09-18T12:00:00Z
2026-09-05,14,R/C,Borivali / Gorai,6241,26.5,0.3,SCENARIO_4_HEATWAVE_SURGE,true,42,2.0.0,2026-09-18T12:00:00Z
2026-09-05,15,K/W,Andheri West / Versova,6369,8.2,0.1,SCENARIO_4_HEATWAVE_SURGE,true,42,2.0.0,2026-09-18T12:00:00Z
2026-09-05,16,R/N,Dahisar / Mandapeshwar,6046,19.5,0.28,SCENARIO_4_HEATWAVE_SURGE,true,42,2.0.0,2026-09-18T12:00:00Z
2026-09-05,17,E,Byculla / Mazgaon / Nagpada,5629,22.4,0.4,SCENARIO_4_HEATWAVE_SURGE,true,42,2.0.0,2026-09-18T12:00:00Z
2026-09-05,18,F/S,Parel / Sewri / Lalbaug,4729,22.1,0.35,SCENARIO_4_HEATWAVE_SURGE,true,42,2.0.0,2026-09-18T12:00:00Z
2026-09-05,19,G/S,Worli / Lower Parel,4420,15.6,0.29,SCENARIO_4_HEATWAVE_SURGE,true,42,2.0.0,2026-09-18T12:00:00Z
2026-09-05,20,B,Sandhurst Road / Dongri,4930,25.7,0.31,SCENARIO_4_HEATWAVE_SURGE,true,42,2.0.0,2026-09-18T12:00:00Z
2026-09-05,21,H/W,Bandra West / Khar,2771,14.7,0.16,SCENARIO_4_HEATWAVE_SURGE,true,42,2.0.0,2026-09-18T12:00:00Z
2026-09-05,22,C,Marine Lines / Chandanwadi,2458,17.9,0.29,SCENARIO_4_HEATWAVE_SURGE,true,42,2.0.0,2026-09-18T12:00:00Z
2026-09-05,23,A,Colaba / Fort / Nariman Point,2092,7.5,0.19,SCENARIO_4_HEATWAVE_SURGE,true,42,2.0.0,2026-09-18T12:00:00Z
2026-09-05,24,D,Malabar Hill / Walkeshwar,2888,6.8,0.16,SCENARIO_4_HEATWAVE_SURGE,true,42,2.0.0,2026-09-18T12:00:00Z
2026-09-06,1,M/E,Govandi / Mankhurd / Shivaji Nagar,39811,66.7,0.85,SCENARIO_4_HEATWAVE_SURGE,true,42,2.0.0,2026-09-18T12:00:00Z
2026-09-06,2,G/N,Dharavi / Mahim / Dadar West,33651,47.3,0.65,SCENARIO_4_HEATWAVE_SURGE,true,42,2.0.0,2026-09-18T12:00:00Z
2026-09-06,3,L,Kurla / Asalpha / Sakinaka,28515,45.0,0.66,SCENARIO_4_HEATWAVE_SURGE,true,42,2.0.0,2026-09-18T12:00:00Z
2026-09-06,4,P/N,Malad / Marve / Malvani,26316,47.6,0.6,SCENARIO_4_HEATWAVE_SURGE,true,42,2.0.0,2026-09-18T12:00:00Z
2026-09-06,5,F/N,Matunga / Sion / Wadala,20888,40.2,0.51,SCENARIO_4_HEATWAVE_SURGE,true,42,2.0.0,2026-09-18T12:00:00Z
2026-09-06,6,H/E,Bandra East / Santacruz East,13872,43.7,0.51,SCENARIO_4_HEATWAVE_SURGE,true,42,2.0.0,2026-09-18T12:00:00Z
2026-09-06,7,S,Bhandup / Kanjurmarg / Powai,19920,35.8,0.56,SCENARIO_4_HEATWAVE_SURGE,true,42,2.0.0,2026-09-18T12:00:00Z
2026-09-06,8,K/E,Andheri East / Marol,12311,31.7,0.52,SCENARIO_4_HEATWAVE_SURGE,true,42,2.0.0,2026-09-18T12:00:00Z
2026-09-06,9,N,Ghatkopar / Pant Nagar,10144,36.9,0.51,SCENARIO_4_HEATWAVE_SURGE,true,42,2.0.0,2026-09-18T12:00:00Z
2026-09-06,10,P/S,Goregaon West & East,10711,35.3,0.48,SCENARIO_4_HEATWAVE_SURGE,true,42,2.0.0,2026-09-18T12:00:00Z
2026-09-06,11,M/W,Chembur West / Tilak Nagar,9491,33.2,0.42,SCENARIO_4_HEATWAVE_SURGE,true,42,2.0.0,2026-09-18T12:00:00Z
2026-09-06,12,R/S,Kandivali West & East,7642,29.0,0.43,SCENARIO_4_HEATWAVE_SURGE,true,42,2.0.0,2026-09-18T12:00:00Z
2026-09-06,13,T,Mulund / Nahur,6881,28.4,0.36,SCENARIO_4_HEATWAVE_SURGE,true,42,2.0.0,2026-09-18T12:00:00Z
2026-09-06,14,R/C,Borivali / Gorai,8423,24.9,0.33,SCENARIO_4_HEATWAVE_SURGE,true,42,2.0.0,2026-09-18T12:00:00Z
2026-09-06,15,K/W,Andheri West / Versova,5555,7.1,0.09,SCENARIO_4_HEATWAVE_SURGE,true,42,2.0.0,2026-09-18T12:00:00Z
2026-09-06,16,R/N,Dahisar / Mandapeshwar,5776,18.9,0.34,SCENARIO_4_HEATWAVE_SURGE,true,42,2.0.0,2026-09-18T12:00:00Z
2026-09-06,17,E,Byculla / Mazgaon / Nagpada,6256,30.7,0.37,SCENARIO_4_HEATWAVE_SURGE,true,42,2.0.0,2026-09-18T12:00:00Z
2026-09-06,18,F/S,Parel / Sewri / Lalbaug,5004,18.5,0.28,SCENARIO_4_HEATWAVE_SURGE,true,42,2.0.0,2026-09-18T12:00:00Z
2026-09-06,19,G/S,Worli / Lower Parel,5622,24.6,0.24,SCENARIO_4_HEATWAVE_SURGE,true,42,2.0.0,2026-09-18T12:00:00Z
2026-09-06,20,B,Sandhurst Road / Dongri,2855,22.2,0.34,SCENARIO_4_HEATWAVE_SURGE,true,42,2.0.0,2026-09-18T12:00:00Z
2026-09-06,21,H/W,Bandra West / Khar,4152,12.8,0.16,SCENARIO_4_HEATWAVE_SURGE,true,42,2.0.0,2026-09-18T12:00:00Z
2026-09-06,22,C,Marine Lines / Chandanwadi,3938,14.1,0.2,SCENARIO_4_HEATWAVE_SURGE,true,42,2.0.0,2026-09-18T12:00:00Z
2026-09-06,23,A,Colaba / Fort / Nariman Point,1200,12.8,0.21,SCENARIO_4_HEATWAVE_SURGE,true,42,2.0.0,2026-09-18T12:00:00Z
2026-09-06,24,D,Malabar Hill / Walkeshwar,826,9.2,0.13,SCENARIO_4_HEATWAVE_SURGE,true,42,2.0.0,2026-09-18T12:00:00Z
2026-09-07,1,M/E,Govandi / Mankhurd / Shivaji Nagar,41187,64.0,0.81,SCENARIO_4_HEATWAVE_SURGE,true,42,2.0.0,2026-09-18T12:00:00Z
2026-09-07,2,G/N,Dharavi / Mahim / Dadar West,34181,54.8,0.74,SCENARIO_4_HEATWAVE_SURGE,true,42,2.0.0,2026-09-18T12:00:00Z
2026-09-07,3,L,Kurla / Asalpha / Sakinaka,28930,44.3,0.63,SCENARIO_4_HEATWAVE_SURGE,true,42,2.0.0,2026-09-18T12:00:00Z
2026-09-07,4,P/N,Malad / Marve / Malvani,24673,42.8,0.64,SCENARIO_4_HEATWAVE_SURGE,true,42,2.0.0,2026-09-18T12:00:00Z
2026-09-07,5,F/N,Matunga / Sion / Wadala,21366,43.4,0.56,SCENARIO_4_HEATWAVE_SURGE,true,42,2.0.0,2026-09-18T12:00:00Z
2026-09-07,6,H/E,Bandra East / Santacruz East,13821,35.9,0.51,SCENARIO_4_HEATWAVE_SURGE,true,42,2.0.0,2026-09-18T12:00:00Z
2026-09-07,7,S,Bhandup / Kanjurmarg / Powai,17876,39.7,0.51,SCENARIO_4_HEATWAVE_SURGE,true,42,2.0.0,2026-09-18T12:00:00Z
2026-09-07,8,K/E,Andheri East / Marol,13563,33.0,0.51,SCENARIO_4_HEATWAVE_SURGE,true,42,2.0.0,2026-09-18T12:00:00Z
2026-09-07,9,N,Ghatkopar / Pant Nagar,12237,37.9,0.43,SCENARIO_4_HEATWAVE_SURGE,true,42,2.0.0,2026-09-18T12:00:00Z
2026-09-07,10,P/S,Goregaon West & East,9255,28.0,0.43,SCENARIO_4_HEATWAVE_SURGE,true,42,2.0.0,2026-09-18T12:00:00Z
2026-09-07,11,M/W,Chembur West / Tilak Nagar,9233,30.3,0.41,SCENARIO_4_HEATWAVE_SURGE,true,42,2.0.0,2026-09-18T12:00:00Z
2026-09-07,12,R/S,Kandivali West & East,8702,33.5,0.39,SCENARIO_4_HEATWAVE_SURGE,true,42,2.0.0,2026-09-18T12:00:00Z
2026-09-07,13,T,Mulund / Nahur,7684,25.6,0.32,SCENARIO_4_HEATWAVE_SURGE,true,42,2.0.0,2026-09-18T12:00:00Z
2026-09-07,14,R/C,Borivali / Gorai,7090,26.2,0.32,SCENARIO_4_HEATWAVE_SURGE,true,42,2.0.0,2026-09-18T12:00:00Z
2026-09-07,15,K/W,Andheri West / Versova,6743,4.4,0.18,SCENARIO_4_HEATWAVE_SURGE,true,42,2.0.0,2026-09-18T12:00:00Z
2026-09-07,16,R/N,Dahisar / Mandapeshwar,6521,22.8,0.35,SCENARIO_4_HEATWAVE_SURGE,true,42,2.0.0,2026-09-18T12:00:00Z
2026-09-07,17,E,Byculla / Mazgaon / Nagpada,5063,22.0,0.39,SCENARIO_4_HEATWAVE_SURGE,true,42,2.0.0,2026-09-18T12:00:00Z
2026-09-07,18,F/S,Parel / Sewri / Lalbaug,5084,24.6,0.34,SCENARIO_4_HEATWAVE_SURGE,true,42,2.0.0,2026-09-18T12:00:00Z
2026-09-07,19,G/S,Worli / Lower Parel,5739,21.2,0.31,SCENARIO_4_HEATWAVE_SURGE,true,42,2.0.0,2026-09-18T12:00:00Z
2026-09-07,20,B,Sandhurst Road / Dongri,3456,23.3,0.28,SCENARIO_4_HEATWAVE_SURGE,true,42,2.0.0,2026-09-18T12:00:00Z
2026-09-07,21,H/W,Bandra West / Khar,2974,17.1,0.26,SCENARIO_4_HEATWAVE_SURGE,true,42,2.0.0,2026-09-18T12:00:00Z
2026-09-07,22,C,Marine Lines / Chandanwadi,3088,16.3,0.23,SCENARIO_4_HEATWAVE_SURGE,true,42,2.0.0,2026-09-18T12:00:00Z
2026-09-07,23,A,Colaba / Fort / Nariman Point,2498,12.2,0.19,SCENARIO_4_HEATWAVE_SURGE,true,42,2.0.0,2026-09-18T12:00:00Z
2026-09-07,24,D,Malabar Hill / Walkeshwar,2492,8.4,0.09,SCENARIO_4_HEATWAVE_SURGE,true,42,2.0.0,2026-09-18T12:00:00Z
2026-09-08,1,M/E,Govandi / Mankhurd / Shivaji Nagar,32812,50.6,0.74,SCENARIO_1_NORMAL,true,42,2.0.0,2026-09-18T12:00:00Z
2026-09-08,2,G/N,Dharavi / Mahim / Dadar West,27809,53.6,0.74,SCENARIO_1_NORMAL,true,42,2.0.0,2026-09-18T12:00:00Z
2026-09-08,3,L,Kurla / Asalpha / Sakinaka,24492,46.1,0.62,SCENARIO_1_NORMAL,true,42,2.0.0,2026-09-18T12:00:00Z
2026-09-08,4,P/N,Malad / Marve / Malvani,19069,40.0,0.56,SCENARIO_1_NORMAL,true,42,2.0.0,2026-09-18T12:00:00Z
2026-09-08,5,F/N,Matunga / Sion / Wadala,17381,38.6,0.56,SCENARIO_1_NORMAL,true,42,2.0.0,2026-09-18T12:00:00Z
2026-09-08,6,H/E,Bandra East / Santacruz East,13310,41.7,0.55,SCENARIO_1_NORMAL,true,42,2.0.0,2026-09-18T12:00:00Z
2026-09-08,7,S,Bhandup / Kanjurmarg / Powai,16183,34.7,0.5,SCENARIO_1_NORMAL,true,42,2.0.0,2026-09-18T12:00:00Z
2026-09-08,8,K/E,Andheri East / Marol,13926,32.2,0.46,SCENARIO_1_NORMAL,true,42,2.0.0,2026-09-18T12:00:00Z
2026-09-08,9,N,Ghatkopar / Pant Nagar,11091,31.6,0.42,SCENARIO_1_NORMAL,true,42,2.0.0,2026-09-18T12:00:00Z
2026-09-08,10,P/S,Goregaon West & East,10709,34.0,0.39,SCENARIO_1_NORMAL,true,42,2.0.0,2026-09-18T12:00:00Z
2026-09-08,11,M/W,Chembur West / Tilak Nagar,9285,30.1,0.44,SCENARIO_1_NORMAL,true,42,2.0.0,2026-09-18T12:00:00Z
2026-09-08,12,R/S,Kandivali West & East,8870,31.8,0.38,SCENARIO_1_NORMAL,true,42,2.0.0,2026-09-18T12:00:00Z
2026-09-08,13,T,Mulund / Nahur,8319,29.6,0.33,SCENARIO_1_NORMAL,true,42,2.0.0,2026-09-18T12:00:00Z
2026-09-08,14,R/C,Borivali / Gorai,6716,22.1,0.34,SCENARIO_1_NORMAL,true,42,2.0.0,2026-09-18T12:00:00Z
2026-09-08,15,K/W,Andheri West / Versova,5774,7.1,0.1,SCENARIO_1_NORMAL,true,42,2.0.0,2026-09-18T12:00:00Z
2026-09-08,16,R/N,Dahisar / Mandapeshwar,7256,21.2,0.29,SCENARIO_1_NORMAL,true,42,2.0.0,2026-09-18T12:00:00Z
2026-09-08,17,E,Byculla / Mazgaon / Nagpada,6329,22.7,0.35,SCENARIO_1_NORMAL,true,42,2.0.0,2026-09-18T12:00:00Z
2026-09-08,18,F/S,Parel / Sewri / Lalbaug,5692,21.8,0.29,SCENARIO_1_NORMAL,true,42,2.0.0,2026-09-18T12:00:00Z
2026-09-08,19,G/S,Worli / Lower Parel,4118,22.4,0.31,SCENARIO_1_NORMAL,true,42,2.0.0,2026-09-18T12:00:00Z
2026-09-08,20,B,Sandhurst Road / Dongri,3285,23.4,0.34,SCENARIO_1_NORMAL,true,42,2.0.0,2026-09-18T12:00:00Z
2026-09-08,21,H/W,Bandra West / Khar,3144,20.4,0.22,SCENARIO_1_NORMAL,true,42,2.0.0,2026-09-18T12:00:00Z
2026-09-08,22,C,Marine Lines / Chandanwadi,2490,21.7,0.27,SCENARIO_1_NORMAL,true,42,2.0.0,2026-09-18T12:00:00Z
2026-09-08,23,A,Colaba / Fort / Nariman Point,3202,11.7,0.12,SCENARIO_1_NORMAL,true,42,2.0.0,2026-09-18T12:00:00Z
2026-09-08,24,D,Malabar Hill / Walkeshwar,2218,8.6,0.12,SCENARIO_1_NORMAL,true,42,2.0.0,2026-09-18T12:00:00Z
2026-09-09,1,M/E,Govandi / Mankhurd / Shivaji Nagar,32128,59.4,0.8,SCENARIO_1_NORMAL,true,42,2.0.0,2026-09-18T12:00:00Z
2026-09-09,2,G/N,Dharavi / Mahim / Dadar West,27899,54.5,0.66,SCENARIO_1_NORMAL,true,42,2.0.0,2026-09-18T12:00:00Z
2026-09-09,3,L,Kurla / Asalpha / Sakinaka,24724,51.3,0.69,SCENARIO_1_NORMAL,true,42,2.0.0,2026-09-18T12:00:00Z
2026-09-09,4,P/N,Malad / Marve / Malvani,19407,48.4,0.63,SCENARIO_1_NORMAL,true,42,2.0.0,2026-09-18T12:00:00Z
2026-09-09,5,F/N,Matunga / Sion / Wadala,15120,38.8,0.55,SCENARIO_1_NORMAL,true,42,2.0.0,2026-09-18T12:00:00Z
2026-09-09,6,H/E,Bandra East / Santacruz East,15202,36.7,0.54,SCENARIO_1_NORMAL,true,42,2.0.0,2026-09-18T12:00:00Z
2026-09-09,7,S,Bhandup / Kanjurmarg / Powai,15498,36.4,0.52,SCENARIO_1_NORMAL,true,42,2.0.0,2026-09-18T12:00:00Z
2026-09-09,8,K/E,Andheri East / Marol,14334,33.7,0.45,SCENARIO_1_NORMAL,true,42,2.0.0,2026-09-18T12:00:00Z
2026-09-09,9,N,Ghatkopar / Pant Nagar,10403,29.1,0.5,SCENARIO_1_NORMAL,true,42,2.0.0,2026-09-18T12:00:00Z
2026-09-09,10,P/S,Goregaon West & East,9327,30.9,0.47,SCENARIO_1_NORMAL,true,42,2.0.0,2026-09-18T12:00:00Z
2026-09-09,11,M/W,Chembur West / Tilak Nagar,7808,27.2,0.38,SCENARIO_1_NORMAL,true,42,2.0.0,2026-09-18T12:00:00Z
2026-09-09,12,R/S,Kandivali West & East,9139,31.7,0.37,SCENARIO_1_NORMAL,true,42,2.0.0,2026-09-18T12:00:00Z
2026-09-09,13,T,Mulund / Nahur,8787,22.8,0.38,SCENARIO_1_NORMAL,true,42,2.0.0,2026-09-18T12:00:00Z
2026-09-09,14,R/C,Borivali / Gorai,8265,28.4,0.32,SCENARIO_1_NORMAL,true,42,2.0.0,2026-09-18T12:00:00Z
2026-09-09,15,K/W,Andheri West / Versova,7392,11.7,0.11,SCENARIO_1_NORMAL,true,42,2.0.0,2026-09-18T12:00:00Z
2026-09-09,16,R/N,Dahisar / Mandapeshwar,5545,22.4,0.31,SCENARIO_1_NORMAL,true,42,2.0.0,2026-09-18T12:00:00Z
2026-09-09,17,E,Byculla / Mazgaon / Nagpada,6188,29.2,0.39,SCENARIO_1_NORMAL,true,42,2.0.0,2026-09-18T12:00:00Z
2026-09-09,18,F/S,Parel / Sewri / Lalbaug,4483,21.9,0.35,SCENARIO_1_NORMAL,true,42,2.0.0,2026-09-18T12:00:00Z
2026-09-09,19,G/S,Worli / Lower Parel,5570,14.8,0.28,SCENARIO_1_NORMAL,true,42,2.0.0,2026-09-18T12:00:00Z
2026-09-09,20,B,Sandhurst Road / Dongri,2875,26.9,0.25,SCENARIO_1_NORMAL,true,42,2.0.0,2026-09-18T12:00:00Z
2026-09-09,21,H/W,Bandra West / Khar,2363,15.6,0.24,SCENARIO_1_NORMAL,true,42,2.0.0,2026-09-18T12:00:00Z
2026-09-09,22,C,Marine Lines / Chandanwadi,1861,13.5,0.23,SCENARIO_1_NORMAL,true,42,2.0.0,2026-09-18T12:00:00Z
2026-09-09,23,A,Colaba / Fort / Nariman Point,1713,10.8,0.13,SCENARIO_1_NORMAL,true,42,2.0.0,2026-09-18T12:00:00Z
2026-09-09,24,D,Malabar Hill / Walkeshwar,2317,5.8,0.11,SCENARIO_1_NORMAL,true,42,2.0.0,2026-09-18T12:00:00Z
2026-09-10,1,M/E,Govandi / Mankhurd / Shivaji Nagar,32094,65.2,0.82,SCENARIO_1_NORMAL,true,42,2.0.0,2026-09-18T12:00:00Z
2026-09-10,2,G/N,Dharavi / Mahim / Dadar West,28794,56.0,0.69,SCENARIO_1_NORMAL,true,42,2.0.0,2026-09-18T12:00:00Z
2026-09-10,3,L,Kurla / Asalpha / Sakinaka,24664,47.4,0.7,SCENARIO_1_NORMAL,true,42,2.0.0,2026-09-18T12:00:00Z
2026-09-10,4,P/N,Malad / Marve / Malvani,18993,45.7,0.62,SCENARIO_1_NORMAL,true,42,2.0.0,2026-09-18T12:00:00Z
2026-09-10,5,F/N,Matunga / Sion / Wadala,15463,36.7,0.55,SCENARIO_1_NORMAL,true,42,2.0.0,2026-09-18T12:00:00Z
2026-09-10,6,H/E,Bandra East / Santacruz East,13153,35.9,0.53,SCENARIO_1_NORMAL,true,42,2.0.0,2026-09-18T12:00:00Z
2026-09-10,7,S,Bhandup / Kanjurmarg / Powai,14341,35.8,0.55,SCENARIO_1_NORMAL,true,42,2.0.0,2026-09-18T12:00:00Z
2026-09-10,8,K/E,Andheri East / Marol,12371,38.8,0.46,SCENARIO_1_NORMAL,true,42,2.0.0,2026-09-18T12:00:00Z
2026-09-10,9,N,Ghatkopar / Pant Nagar,12250,31.3,0.43,SCENARIO_1_NORMAL,true,42,2.0.0,2026-09-18T12:00:00Z
2026-09-10,10,P/S,Goregaon West & East,9544,36.3,0.43,SCENARIO_1_NORMAL,true,42,2.0.0,2026-09-18T12:00:00Z
2026-09-10,11,M/W,Chembur West / Tilak Nagar,8164,27.5,0.45,SCENARIO_1_NORMAL,true,42,2.0.0,2026-09-18T12:00:00Z
2026-09-10,12,R/S,Kandivali West & East,9006,24.0,0.36,SCENARIO_1_NORMAL,true,42,2.0.0,2026-09-18T12:00:00Z
2026-09-10,13,T,Mulund / Nahur,7377,27.8,0.39,SCENARIO_1_NORMAL,true,42,2.0.0,2026-09-18T12:00:00Z
2026-09-10,14,R/C,Borivali / Gorai,6234,29.5,0.38,SCENARIO_1_NORMAL,true,42,2.0.0,2026-09-18T12:00:00Z
2026-09-10,15,K/W,Andheri West / Versova,5369,10.8,0.1,SCENARIO_1_NORMAL,true,42,2.0.0,2026-09-18T12:00:00Z
2026-09-10,16,R/N,Dahisar / Mandapeshwar,6212,26.8,0.3,SCENARIO_1_NORMAL,true,42,2.0.0,2026-09-18T12:00:00Z
2026-09-10,17,E,Byculla / Mazgaon / Nagpada,4436,27.6,0.39,SCENARIO_1_NORMAL,true,42,2.0.0,2026-09-18T12:00:00Z
2026-09-10,18,F/S,Parel / Sewri / Lalbaug,5426,25.9,0.36,SCENARIO_1_NORMAL,true,42,2.0.0,2026-09-18T12:00:00Z
2026-09-10,19,G/S,Worli / Lower Parel,3646,22.1,0.26,SCENARIO_1_NORMAL,true,42,2.0.0,2026-09-18T12:00:00Z
2026-09-10,20,B,Sandhurst Road / Dongri,2453,22.3,0.32,SCENARIO_1_NORMAL,true,42,2.0.0,2026-09-18T12:00:00Z
2026-09-10,21,H/W,Bandra West / Khar,4167,18.6,0.23,SCENARIO_1_NORMAL,true,42,2.0.0,2026-09-18T12:00:00Z
2026-09-10,22,C,Marine Lines / Chandanwadi,2976,13.8,0.21,SCENARIO_1_NORMAL,true,42,2.0.0,2026-09-18T12:00:00Z
2026-09-10,23,A,Colaba / Fort / Nariman Point,1577,12.1,0.17,SCENARIO_1_NORMAL,true,42,2.0.0,2026-09-18T12:00:00Z
2026-09-10,24,D,Malabar Hill / Walkeshwar,1663,7.8,0.15,SCENARIO_1_NORMAL,true,42,2.0.0,2026-09-18T12:00:00Z
2026-09-11,1,M/E,Govandi / Mankhurd / Shivaji Nagar,33394,52.9,0.83,SCENARIO_1_NORMAL,true,42,2.0.0,2026-09-18T12:00:00Z
2026-09-11,2,G/N,Dharavi / Mahim / Dadar West,29265,52.9,0.7,SCENARIO_1_NORMAL,true,42,2.0.0,2026-09-18T12:00:00Z
2026-09-11,3,L,Kurla / Asalpha / Sakinaka,24951,51.4,0.71,SCENARIO_1_NORMAL,true,42,2.0.0,2026-09-18T12:00:00Z
2026-09-11,4,P/N,Malad / Marve / Malvani,19309,45.7,0.63,SCENARIO_1_NORMAL,true,42,2.0.0,2026-09-18T12:00:00Z
2026-09-11,5,F/N,Matunga / Sion / Wadala,15223,39.2,0.57,SCENARIO_1_NORMAL,true,42,2.0.0,2026-09-18T12:00:00Z
2026-09-11,6,H/E,Bandra East / Santacruz East,15457,38.8,0.58,SCENARIO_1_NORMAL,true,42,2.0.0,2026-09-18T12:00:00Z
2026-09-11,7,S,Bhandup / Kanjurmarg / Powai,14399,37.1,0.56,SCENARIO_1_NORMAL,true,42,2.0.0,2026-09-18T12:00:00Z
2026-09-11,8,K/E,Andheri East / Marol,12053,33.6,0.52,SCENARIO_1_NORMAL,true,42,2.0.0,2026-09-18T12:00:00Z
2026-09-11,9,N,Ghatkopar / Pant Nagar,11421,38.3,0.5,SCENARIO_1_NORMAL,true,42,2.0.0,2026-09-18T12:00:00Z
2026-09-11,10,P/S,Goregaon West & East,9833,29.9,0.46,SCENARIO_1_NORMAL,true,42,2.0.0,2026-09-18T12:00:00Z
2026-09-11,11,M/W,Chembur West / Tilak Nagar,8360,31.3,0.43,SCENARIO_1_NORMAL,true,42,2.0.0,2026-09-18T12:00:00Z
2026-09-11,12,R/S,Kandivali West & East,8209,31.9,0.34,SCENARIO_1_NORMAL,true,42,2.0.0,2026-09-18T12:00:00Z
2026-09-11,13,T,Mulund / Nahur,7529,28.5,0.37,SCENARIO_1_NORMAL,true,42,2.0.0,2026-09-18T12:00:00Z
2026-09-11,14,R/C,Borivali / Gorai,6394,25.3,0.3,SCENARIO_1_NORMAL,true,42,2.0.0,2026-09-18T12:00:00Z
2026-09-11,15,K/W,Andheri West / Versova,6021,10.9,0.08,SCENARIO_1_NORMAL,true,42,2.0.0,2026-09-18T12:00:00Z
2026-09-11,16,R/N,Dahisar / Mandapeshwar,5740,22.1,0.36,SCENARIO_1_NORMAL,true,42,2.0.0,2026-09-18T12:00:00Z
2026-09-11,17,E,Byculla / Mazgaon / Nagpada,6641,28.9,0.34,SCENARIO_1_NORMAL,true,42,2.0.0,2026-09-18T12:00:00Z
2026-09-11,18,F/S,Parel / Sewri / Lalbaug,3937,26.8,0.34,SCENARIO_1_NORMAL,true,42,2.0.0,2026-09-18T12:00:00Z
2026-09-11,19,G/S,Worli / Lower Parel,5283,17.0,0.27,SCENARIO_1_NORMAL,true,42,2.0.0,2026-09-18T12:00:00Z
2026-09-11,20,B,Sandhurst Road / Dongri,4691,24.8,0.27,SCENARIO_1_NORMAL,true,42,2.0.0,2026-09-18T12:00:00Z
2026-09-11,21,H/W,Bandra West / Khar,3947,10.7,0.26,SCENARIO_1_NORMAL,true,42,2.0.0,2026-09-18T12:00:00Z
2026-09-11,22,C,Marine Lines / Chandanwadi,1923,19.7,0.25,SCENARIO_1_NORMAL,true,42,2.0.0,2026-09-18T12:00:00Z
2026-09-11,23,A,Colaba / Fort / Nariman Point,1803,12.4,0.16,SCENARIO_1_NORMAL,true,42,2.0.0,2026-09-18T12:00:00Z
2026-09-11,24,D,Malabar Hill / Walkeshwar,2308,8.3,0.13,SCENARIO_1_NORMAL,true,42,2.0.0,2026-09-18T12:00:00Z
2026-09-12,1,M/E,Govandi / Mankhurd / Shivaji Nagar,31344,65.8,0.85,SCENARIO_1_NORMAL,true,42,2.0.0,2026-09-18T12:00:00Z
2026-09-12,2,G/N,Dharavi / Mahim / Dadar West,26956,51.9,0.66,SCENARIO_1_NORMAL,true,42,2.0.0,2026-09-18T12:00:00Z
2026-09-12,3,L,Kurla / Asalpha / Sakinaka,23743,53.1,0.7,SCENARIO_1_NORMAL,true,42,2.0.0,2026-09-18T12:00:00Z
2026-09-12,4,P/N,Malad / Marve / Malvani,20630,41.8,0.56,SCENARIO_1_NORMAL,true,42,2.0.0,2026-09-18T12:00:00Z
2026-09-12,5,F/N,Matunga / Sion / Wadala,17289,37.8,0.51,SCENARIO_1_NORMAL,true,42,2.0.0,2026-09-18T12:00:00Z
2026-09-12,6,H/E,Bandra East / Santacruz East,13305,34.8,0.58,SCENARIO_1_NORMAL,true,42,2.0.0,2026-09-18T12:00:00Z
2026-09-12,7,S,Bhandup / Kanjurmarg / Powai,14124,33.7,0.48,SCENARIO_1_NORMAL,true,42,2.0.0,2026-09-18T12:00:00Z
2026-09-12,8,K/E,Andheri East / Marol,13225,36.6,0.51,SCENARIO_1_NORMAL,true,42,2.0.0,2026-09-18T12:00:00Z
2026-09-12,9,N,Ghatkopar / Pant Nagar,12033,34.9,0.5,SCENARIO_1_NORMAL,true,42,2.0.0,2026-09-18T12:00:00Z
2026-09-12,10,P/S,Goregaon West & East,9630,32.1,0.46,SCENARIO_1_NORMAL,true,42,2.0.0,2026-09-18T12:00:00Z
2026-09-12,11,M/W,Chembur West / Tilak Nagar,9523,29.7,0.4,SCENARIO_1_NORMAL,true,42,2.0.0,2026-09-18T12:00:00Z
2026-09-12,12,R/S,Kandivali West & East,7753,25.3,0.42,SCENARIO_1_NORMAL,true,42,2.0.0,2026-09-18T12:00:00Z
2026-09-12,13,T,Mulund / Nahur,7562,24.0,0.33,SCENARIO_1_NORMAL,true,42,2.0.0,2026-09-18T12:00:00Z
2026-09-12,14,R/C,Borivali / Gorai,7839,28.7,0.33,SCENARIO_1_NORMAL,true,42,2.0.0,2026-09-18T12:00:00Z
2026-09-12,15,K/W,Andheri West / Versova,5465,9.5,0.17,SCENARIO_1_NORMAL,true,42,2.0.0,2026-09-18T12:00:00Z
2026-09-12,16,R/N,Dahisar / Mandapeshwar,7179,25.8,0.3,SCENARIO_1_NORMAL,true,42,2.0.0,2026-09-18T12:00:00Z
2026-09-12,17,E,Byculla / Mazgaon / Nagpada,4509,23.6,0.38,SCENARIO_1_NORMAL,true,42,2.0.0,2026-09-18T12:00:00Z
2026-09-12,18,F/S,Parel / Sewri / Lalbaug,5556,21.1,0.32,SCENARIO_1_NORMAL,true,42,2.0.0,2026-09-18T12:00:00Z
2026-09-12,19,G/S,Worli / Lower Parel,5756,17.7,0.28,SCENARIO_1_NORMAL,true,42,2.0.0,2026-09-18T12:00:00Z
2026-09-12,20,B,Sandhurst Road / Dongri,3068,23.1,0.31,SCENARIO_1_NORMAL,true,42,2.0.0,2026-09-18T12:00:00Z
2026-09-12,21,H/W,Bandra West / Khar,3479,11.8,0.23,SCENARIO_1_NORMAL,true,42,2.0.0,2026-09-18T12:00:00Z
2026-09-12,22,C,Marine Lines / Chandanwadi,2966,19.4,0.2,SCENARIO_1_NORMAL,true,42,2.0.0,2026-09-18T12:00:00Z
2026-09-12,23,A,Colaba / Fort / Nariman Point,2621,11.6,0.16,SCENARIO_1_NORMAL,true,42,2.0.0,2026-09-18T12:00:00Z
2026-09-12,24,D,Malabar Hill / Walkeshwar,1474,6.0,0.11,SCENARIO_1_NORMAL,true,42,2.0.0,2026-09-18T12:00:00Z
2026-09-13,1,M/E,Govandi / Mankhurd / Shivaji Nagar,33047,52.7,0.85,SCENARIO_1_NORMAL,true,42,2.0.0,2026-09-18T12:00:00Z
2026-09-13,2,G/N,Dharavi / Mahim / Dadar West,28805,51.6,0.72,SCENARIO_1_NORMAL,true,42,2.0.0,2026-09-18T12:00:00Z
2026-09-13,3,L,Kurla / Asalpha / Sakinaka,25394,48.4,0.67,SCENARIO_1_NORMAL,true,42,2.0.0,2026-09-18T12:00:00Z
2026-09-13,4,P/N,Malad / Marve / Malvani,20075,47.7,0.59,SCENARIO_1_NORMAL,true,42,2.0.0,2026-09-18T12:00:00Z
2026-09-13,5,F/N,Matunga / Sion / Wadala,17389,41.7,0.58,SCENARIO_1_NORMAL,true,42,2.0.0,2026-09-18T12:00:00Z
2026-09-13,6,H/E,Bandra East / Santacruz East,14227,34.8,0.53,SCENARIO_1_NORMAL,true,42,2.0.0,2026-09-18T12:00:00Z
2026-09-13,7,S,Bhandup / Kanjurmarg / Powai,15605,42.2,0.52,SCENARIO_1_NORMAL,true,42,2.0.0,2026-09-18T12:00:00Z
2026-09-13,8,K/E,Andheri East / Marol,13100,35.4,0.53,SCENARIO_1_NORMAL,true,42,2.0.0,2026-09-18T12:00:00Z
2026-09-13,9,N,Ghatkopar / Pant Nagar,11185,30.4,0.43,SCENARIO_1_NORMAL,true,42,2.0.0,2026-09-18T12:00:00Z
2026-09-13,10,P/S,Goregaon West & East,10016,27.9,0.39,SCENARIO_1_NORMAL,true,42,2.0.0,2026-09-18T12:00:00Z
2026-09-13,11,M/W,Chembur West / Tilak Nagar,9544,32.9,0.44,SCENARIO_1_NORMAL,true,42,2.0.0,2026-09-18T12:00:00Z
2026-09-13,12,R/S,Kandivali West & East,8466,23.9,0.4,SCENARIO_1_NORMAL,true,42,2.0.0,2026-09-18T12:00:00Z
2026-09-13,13,T,Mulund / Nahur,8933,30.8,0.33,SCENARIO_1_NORMAL,true,42,2.0.0,2026-09-18T12:00:00Z
2026-09-13,14,R/C,Borivali / Gorai,6216,26.6,0.33,SCENARIO_1_NORMAL,true,42,2.0.0,2026-09-18T12:00:00Z
2026-09-13,15,K/W,Andheri West / Versova,5867,7.3,0.16,SCENARIO_1_NORMAL,true,42,2.0.0,2026-09-18T12:00:00Z
2026-09-13,16,R/N,Dahisar / Mandapeshwar,6532,20.4,0.36,SCENARIO_1_NORMAL,true,42,2.0.0,2026-09-18T12:00:00Z
2026-09-13,17,E,Byculla / Mazgaon / Nagpada,6850,29.0,0.39,SCENARIO_1_NORMAL,true,42,2.0.0,2026-09-18T12:00:00Z
2026-09-13,18,F/S,Parel / Sewri / Lalbaug,5150,28.1,0.29,SCENARIO_1_NORMAL,true,42,2.0.0,2026-09-18T12:00:00Z
2026-09-13,19,G/S,Worli / Lower Parel,5258,17.3,0.25,SCENARIO_1_NORMAL,true,42,2.0.0,2026-09-18T12:00:00Z
2026-09-13,20,B,Sandhurst Road / Dongri,3074,22.8,0.35,SCENARIO_1_NORMAL,true,42,2.0.0,2026-09-18T12:00:00Z
2026-09-13,21,H/W,Bandra West / Khar,1823,15.7,0.22,SCENARIO_1_NORMAL,true,42,2.0.0,2026-09-18T12:00:00Z
2026-09-13,22,C,Marine Lines / Chandanwadi,3973,21.2,0.28,SCENARIO_1_NORMAL,true,42,2.0.0,2026-09-18T12:00:00Z
2026-09-13,23,A,Colaba / Fort / Nariman Point,1670,12.4,0.2,SCENARIO_1_NORMAL,true,42,2.0.0,2026-09-18T12:00:00Z
2026-09-13,24,D,Malabar Hill / Walkeshwar,850,6.8,0.11,SCENARIO_1_NORMAL,true,42,2.0.0,2026-09-18T12:00:00Z
2026-09-14,1,M/E,Govandi / Mankhurd / Shivaji Nagar,33461,67.7,0.86,SCENARIO_1_NORMAL,true,42,2.0.0,2026-09-18T12:00:00Z
2026-09-14,2,G/N,Dharavi / Mahim / Dadar West,28370,48.8,0.68,SCENARIO_1_NORMAL,true,42,2.0.0,2026-09-18T12:00:00Z
2026-09-14,3,L,Kurla / Asalpha / Sakinaka,24955,48.9,0.67,SCENARIO_1_NORMAL,true,42,2.0.0,2026-09-18T12:00:00Z
2026-09-14,4,P/N,Malad / Marve / Malvani,19270,44.8,0.58,SCENARIO_1_NORMAL,true,42,2.0.0,2026-09-18T12:00:00Z
2026-09-14,5,F/N,Matunga / Sion / Wadala,16164,43.2,0.54,SCENARIO_1_NORMAL,true,42,2.0.0,2026-09-18T12:00:00Z
2026-09-14,6,H/E,Bandra East / Santacruz East,13945,35.3,0.5,SCENARIO_1_NORMAL,true,42,2.0.0,2026-09-18T12:00:00Z
2026-09-14,7,S,Bhandup / Kanjurmarg / Powai,14692,41.5,0.51,SCENARIO_1_NORMAL,true,42,2.0.0,2026-09-18T12:00:00Z
2026-09-14,8,K/E,Andheri East / Marol,11952,38.3,0.49,SCENARIO_1_NORMAL,true,42,2.0.0,2026-09-18T12:00:00Z
2026-09-14,9,N,Ghatkopar / Pant Nagar,10415,28.8,0.44,SCENARIO_1_NORMAL,true,42,2.0.0,2026-09-18T12:00:00Z
2026-09-14,10,P/S,Goregaon West & East,9102,33.5,0.41,SCENARIO_1_NORMAL,true,42,2.0.0,2026-09-18T12:00:00Z
2026-09-14,11,M/W,Chembur West / Tilak Nagar,8277,25.9,0.37,SCENARIO_1_NORMAL,true,42,2.0.0,2026-09-18T12:00:00Z
2026-09-14,12,R/S,Kandivali West & East,9792,23.8,0.42,SCENARIO_1_NORMAL,true,42,2.0.0,2026-09-18T12:00:00Z
2026-09-14,13,T,Mulund / Nahur,7870,23.0,0.37,SCENARIO_1_NORMAL,true,42,2.0.0,2026-09-18T12:00:00Z
2026-09-14,14,R/C,Borivali / Gorai,6417,24.7,0.3,SCENARIO_1_NORMAL,true,42,2.0.0,2026-09-18T12:00:00Z
2026-09-14,15,K/W,Andheri West / Versova,6000,10.4,0.17,SCENARIO_1_NORMAL,true,42,2.0.0,2026-09-18T12:00:00Z
2026-09-14,16,R/N,Dahisar / Mandapeshwar,5140,19.9,0.36,SCENARIO_1_NORMAL,true,42,2.0.0,2026-09-18T12:00:00Z
2026-09-14,17,E,Byculla / Mazgaon / Nagpada,4329,26.9,0.33,SCENARIO_1_NORMAL,true,42,2.0.0,2026-09-18T12:00:00Z
2026-09-14,18,F/S,Parel / Sewri / Lalbaug,6222,24.7,0.34,SCENARIO_1_NORMAL,true,42,2.0.0,2026-09-18T12:00:00Z
2026-09-14,19,G/S,Worli / Lower Parel,3847,20.8,0.32,SCENARIO_1_NORMAL,true,42,2.0.0,2026-09-18T12:00:00Z
2026-09-14,20,B,Sandhurst Road / Dongri,4652,20.0,0.3,SCENARIO_1_NORMAL,true,42,2.0.0,2026-09-18T12:00:00Z
2026-09-14,21,H/W,Bandra West / Khar,3133,14.0,0.18,SCENARIO_1_NORMAL,true,42,2.0.0,2026-09-18T12:00:00Z
2026-09-14,22,C,Marine Lines / Chandanwadi,3281,16.1,0.26,SCENARIO_1_NORMAL,true,42,2.0.0,2026-09-18T12:00:00Z
2026-09-14,23,A,Colaba / Fort / Nariman Point,924,7.3,0.16,SCENARIO_1_NORMAL,true,42,2.0.0,2026-09-18T12:00:00Z
2026-09-14,24,D,Malabar Hill / Walkeshwar,1768,9.9,0.15,SCENARIO_1_NORMAL,true,42,2.0.0,2026-09-18T12:00:00Z
2026-09-15,1,M/E,Govandi / Mankhurd / Shivaji Nagar,32209,62.2,0.72,SCENARIO_1_NORMAL,true,42,2.0.0,2026-09-18T12:00:00Z
2026-09-15,2,G/N,Dharavi / Mahim / Dadar West,28988,50.9,0.71,SCENARIO_1_NORMAL,true,42,2.0.0,2026-09-18T12:00:00Z
2026-09-15,3,L,Kurla / Asalpha / Sakinaka,24676,43.8,0.63,SCENARIO_1_NORMAL,true,42,2.0.0,2026-09-18T12:00:00Z
2026-09-15,4,P/N,Malad / Marve / Malvani,19463,43.0,0.58,SCENARIO_1_NORMAL,true,42,2.0.0,2026-09-18T12:00:00Z
2026-09-15,5,F/N,Matunga / Sion / Wadala,15024,43.9,0.6,SCENARIO_1_NORMAL,true,42,2.0.0,2026-09-18T12:00:00Z
2026-09-15,6,H/E,Bandra East / Santacruz East,13277,36.1,0.58,SCENARIO_1_NORMAL,true,42,2.0.0,2026-09-18T12:00:00Z
2026-09-15,7,S,Bhandup / Kanjurmarg / Powai,15238,42.2,0.56,SCENARIO_1_NORMAL,true,42,2.0.0,2026-09-18T12:00:00Z
2026-09-15,8,K/E,Andheri East / Marol,11848,30.9,0.51,SCENARIO_1_NORMAL,true,42,2.0.0,2026-09-18T12:00:00Z
2026-09-15,9,N,Ghatkopar / Pant Nagar,11731,37.6,0.5,SCENARIO_1_NORMAL,true,42,2.0.0,2026-09-18T12:00:00Z
2026-09-15,10,P/S,Goregaon West & East,11419,32.4,0.39,SCENARIO_1_NORMAL,true,42,2.0.0,2026-09-18T12:00:00Z
2026-09-15,11,M/W,Chembur West / Tilak Nagar,7980,31.4,0.42,SCENARIO_1_NORMAL,true,42,2.0.0,2026-09-18T12:00:00Z
2026-09-15,12,R/S,Kandivali West & East,9594,27.8,0.4,SCENARIO_1_NORMAL,true,42,2.0.0,2026-09-18T12:00:00Z
2026-09-15,13,T,Mulund / Nahur,7654,28.8,0.32,SCENARIO_1_NORMAL,true,42,2.0.0,2026-09-18T12:00:00Z
2026-09-15,14,R/C,Borivali / Gorai,6214,27.6,0.38,SCENARIO_1_NORMAL,true,42,2.0.0,2026-09-18T12:00:00Z
2026-09-15,15,K/W,Andheri West / Versova,6214,8.1,0.11,SCENARIO_1_NORMAL,true,42,2.0.0,2026-09-18T12:00:00Z
2026-09-15,16,R/N,Dahisar / Mandapeshwar,6075,27.8,0.34,SCENARIO_1_NORMAL,true,42,2.0.0,2026-09-18T12:00:00Z
2026-09-15,17,E,Byculla / Mazgaon / Nagpada,4363,23.1,0.33,SCENARIO_1_NORMAL,true,42,2.0.0,2026-09-18T12:00:00Z
2026-09-15,18,F/S,Parel / Sewri / Lalbaug,4796,22.7,0.36,SCENARIO_1_NORMAL,true,42,2.0.0,2026-09-18T12:00:00Z
2026-09-15,19,G/S,Worli / Lower Parel,4706,17.0,0.31,SCENARIO_1_NORMAL,true,42,2.0.0,2026-09-18T12:00:00Z
2026-09-15,20,B,Sandhurst Road / Dongri,4282,20.8,0.34,SCENARIO_1_NORMAL,true,42,2.0.0,2026-09-18T12:00:00Z
2026-09-15,21,H/W,Bandra West / Khar,3920,16.6,0.25,SCENARIO_1_NORMAL,true,42,2.0.0,2026-09-18T12:00:00Z
2026-09-15,22,C,Marine Lines / Chandanwadi,1952,15.2,0.26,SCENARIO_1_NORMAL,true,42,2.0.0,2026-09-18T12:00:00Z
2026-09-15,23,A,Colaba / Fort / Nariman Point,2538,8.6,0.12,SCENARIO_1_NORMAL,true,42,2.0.0,2026-09-18T12:00:00Z
2026-09-15,24,D,Malabar Hill / Walkeshwar,2965,10.5,0.1,SCENARIO_1_NORMAL,true,42,2.0.0,2026-09-18T12:00:00Z
2026-09-16,1,M/E,Govandi / Mankhurd / Shivaji Nagar,30992,57.5,0.84,SCENARIO_1_NORMAL,true,42,2.0.0,2026-09-18T12:00:00Z
2026-09-16,2,G/N,Dharavi / Mahim / Dadar West,27178,49.5,0.73,SCENARIO_1_NORMAL,true,42,2.0.0,2026-09-18T12:00:00Z
2026-09-16,3,L,Kurla / Asalpha / Sakinaka,23569,48.6,0.69,SCENARIO_1_NORMAL,true,42,2.0.0,2026-09-18T12:00:00Z
2026-09-16,4,P/N,Malad / Marve / Malvani,18895,48.0,0.61,SCENARIO_1_NORMAL,true,42,2.0.0,2026-09-18T12:00:00Z
2026-09-16,5,F/N,Matunga / Sion / Wadala,16005,36.9,0.59,SCENARIO_1_NORMAL,true,42,2.0.0,2026-09-18T12:00:00Z
2026-09-16,6,H/E,Bandra East / Santacruz East,14661,35.5,0.5,SCENARIO_1_NORMAL,true,42,2.0.0,2026-09-18T12:00:00Z
2026-09-16,7,S,Bhandup / Kanjurmarg / Powai,15121,39.8,0.47,SCENARIO_1_NORMAL,true,42,2.0.0,2026-09-18T12:00:00Z
2026-09-16,8,K/E,Andheri East / Marol,13264,32.1,0.48,SCENARIO_1_NORMAL,true,42,2.0.0,2026-09-18T12:00:00Z
2026-09-16,9,N,Ghatkopar / Pant Nagar,10573,32.7,0.46,SCENARIO_1_NORMAL,true,42,2.0.0,2026-09-18T12:00:00Z
2026-09-16,10,P/S,Goregaon West & East,9525,27.2,0.45,SCENARIO_1_NORMAL,true,42,2.0.0,2026-09-18T12:00:00Z
2026-09-16,11,M/W,Chembur West / Tilak Nagar,8555,29.0,0.43,SCENARIO_1_NORMAL,true,42,2.0.0,2026-09-18T12:00:00Z
2026-09-16,12,R/S,Kandivali West & East,9351,23.7,0.36,SCENARIO_1_NORMAL,true,42,2.0.0,2026-09-18T12:00:00Z
2026-09-16,13,T,Mulund / Nahur,6593,26.0,0.35,SCENARIO_1_NORMAL,true,42,2.0.0,2026-09-18T12:00:00Z
2026-09-16,14,R/C,Borivali / Gorai,7864,24.1,0.35,SCENARIO_1_NORMAL,true,42,2.0.0,2026-09-18T12:00:00Z
2026-09-16,15,K/W,Andheri West / Versova,6987,8.7,0.08,SCENARIO_1_NORMAL,true,42,2.0.0,2026-09-18T12:00:00Z
2026-09-16,16,R/N,Dahisar / Mandapeshwar,6507,21.5,0.31,SCENARIO_1_NORMAL,true,42,2.0.0,2026-09-18T12:00:00Z
2026-09-16,17,E,Byculla / Mazgaon / Nagpada,5690,22.4,0.39,SCENARIO_1_NORMAL,true,42,2.0.0,2026-09-18T12:00:00Z
2026-09-16,18,F/S,Parel / Sewri / Lalbaug,6051,18.3,0.33,SCENARIO_1_NORMAL,true,42,2.0.0,2026-09-18T12:00:00Z
2026-09-16,19,G/S,Worli / Lower Parel,5844,22.4,0.25,SCENARIO_1_NORMAL,true,42,2.0.0,2026-09-18T12:00:00Z
2026-09-16,20,B,Sandhurst Road / Dongri,4378,23.3,0.34,SCENARIO_1_NORMAL,true,42,2.0.0,2026-09-18T12:00:00Z
2026-09-16,21,H/W,Bandra West / Khar,3926,20.2,0.16,SCENARIO_1_NORMAL,true,42,2.0.0,2026-09-18T12:00:00Z
2026-09-16,22,C,Marine Lines / Chandanwadi,2289,18.1,0.2,SCENARIO_1_NORMAL,true,42,2.0.0,2026-09-18T12:00:00Z
2026-09-16,23,A,Colaba / Fort / Nariman Point,2001,10.5,0.21,SCENARIO_1_NORMAL,true,42,2.0.0,2026-09-18T12:00:00Z
2026-09-16,24,D,Malabar Hill / Walkeshwar,813,8.3,0.15,SCENARIO_1_NORMAL,true,42,2.0.0,2026-09-18T12:00:00Z
2026-09-17,1,M/E,Govandi / Mankhurd / Shivaji Nagar,32183,57.6,0.88,SCENARIO_1_NORMAL,true,42,2.0.0,2026-09-18T12:00:00Z
2026-09-17,2,G/N,Dharavi / Mahim / Dadar West,27674,50.9,0.66,SCENARIO_1_NORMAL,true,42,2.0.0,2026-09-18T12:00:00Z
2026-09-17,3,L,Kurla / Asalpha / Sakinaka,23360,52.9,0.64,SCENARIO_1_NORMAL,true,42,2.0.0,2026-09-18T12:00:00Z
2026-09-17,4,P/N,Malad / Marve / Malvani,18939,43.5,0.55,SCENARIO_1_NORMAL,true,42,2.0.0,2026-09-18T12:00:00Z
2026-09-17,5,F/N,Matunga / Sion / Wadala,16279,45.0,0.56,SCENARIO_1_NORMAL,true,42,2.0.0,2026-09-18T12:00:00Z
2026-09-17,6,H/E,Bandra East / Santacruz East,13943,43.8,0.51,SCENARIO_1_NORMAL,true,42,2.0.0,2026-09-18T12:00:00Z
2026-09-17,7,S,Bhandup / Kanjurmarg / Powai,16178,41.5,0.51,SCENARIO_1_NORMAL,true,42,2.0.0,2026-09-18T12:00:00Z
2026-09-17,8,K/E,Andheri East / Marol,13162,33.5,0.52,SCENARIO_1_NORMAL,true,42,2.0.0,2026-09-18T12:00:00Z
2026-09-17,9,N,Ghatkopar / Pant Nagar,12129,33.9,0.51,SCENARIO_1_NORMAL,true,42,2.0.0,2026-09-18T12:00:00Z
2026-09-17,10,P/S,Goregaon West & East,9852,28.8,0.42,SCENARIO_1_NORMAL,true,42,2.0.0,2026-09-18T12:00:00Z
2026-09-17,11,M/W,Chembur West / Tilak Nagar,8339,29.2,0.38,SCENARIO_1_NORMAL,true,42,2.0.0,2026-09-18T12:00:00Z
2026-09-17,12,R/S,Kandivali West & East,7383,30.4,0.36,SCENARIO_1_NORMAL,true,42,2.0.0,2026-09-18T12:00:00Z
2026-09-17,13,T,Mulund / Nahur,7668,24.0,0.35,SCENARIO_1_NORMAL,true,42,2.0.0,2026-09-18T12:00:00Z
2026-09-17,14,R/C,Borivali / Gorai,7621,23.8,0.37,SCENARIO_1_NORMAL,true,42,2.0.0,2026-09-18T12:00:00Z
2026-09-17,15,K/W,Andheri West / Versova,6042,6.9,0.17,SCENARIO_1_NORMAL,true,42,2.0.0,2026-09-18T12:00:00Z
2026-09-17,16,R/N,Dahisar / Mandapeshwar,6059,23.8,0.29,SCENARIO_1_NORMAL,true,42,2.0.0,2026-09-18T12:00:00Z
2026-09-17,17,E,Byculla / Mazgaon / Nagpada,4413,24.8,0.31,SCENARIO_1_NORMAL,true,42,2.0.0,2026-09-18T12:00:00Z
2026-09-17,18,F/S,Parel / Sewri / Lalbaug,6230,23.0,0.28,SCENARIO_1_NORMAL,true,42,2.0.0,2026-09-18T12:00:00Z
2026-09-17,19,G/S,Worli / Lower Parel,5871,22.3,0.23,SCENARIO_1_NORMAL,true,42,2.0.0,2026-09-18T12:00:00Z
2026-09-17,20,B,Sandhurst Road / Dongri,2943,25.1,0.34,SCENARIO_1_NORMAL,true,42,2.0.0,2026-09-18T12:00:00Z
2026-09-17,21,H/W,Bandra West / Khar,2411,17.5,0.23,SCENARIO_1_NORMAL,true,42,2.0.0,2026-09-18T12:00:00Z
2026-09-17,22,C,Marine Lines / Chandanwadi,2937,22.5,0.22,SCENARIO_1_NORMAL,true,42,2.0.0,2026-09-18T12:00:00Z
2026-09-17,23,A,Colaba / Fort / Nariman Point,2222,12.3,0.17,SCENARIO_1_NORMAL,true,42,2.0.0,2026-09-18T12:00:00Z
2026-09-17,24,D,Malabar Hill / Walkeshwar,739,5.6,0.13,SCENARIO_1_NORMAL,true,42,2.0.0,2026-09-18T12:00:00Z
