dispatch_id,dispatched_at,transponder_id,ward_code,ward_name,delivered_volume_liters,route_distance_km,otp_code,delivery_status,tds_reading_ppm,ph_reading,synthetic,seed,generator_version,generated_at
20001,2026-08-14T16:00:00Z,T-03,F/S,Parel / Sewri / Lalbaug,8000,3.32,7419,Delivered,218.3,7.41,true,42,2.0.0,2026-09-18T12:00:00Z
20002,2026-08-14T19:00:00Z,T-02,R/N,Dahisar / Mandapeshwar,12000,17.36,7419,Delivered,203.9,7.18,true,42,2.0.0,2026-09-18T12:00:00Z
20003,2026-08-14T15:00:00Z,T-03,F/N,Matunga / Sion / Wadala,8000,3.24,7419,Delivered,221.2,7.18,true,42,2.0.0,2026-09-18T12:00:00Z
20004,2026-08-14T14:00:00Z,T-02,M/W,Chembur West / Tilak Nagar,12000,4.21,7419,Delivered,198.7,7.56,true,42,2.0.0,2026-09-18T12:00:00Z
20005,2026-08-14T13:00:00Z,T-06,F/S,Parel / Sewri / Lalbaug,12000,4.48,7419,Delivered,164.9,7.44,true,42,2.0.0,2026-09-18T12:00:00Z
20006,2026-08-14T19:00:00Z,T-02,N,Ghatkopar / Pant Nagar,12000,4.15,7419,Delivered,166.0,7.13,true,42,2.0.0,2026-09-18T12:00:00Z
20007,2026-08-14T16:00:00Z,T-02,P/S,Goregaon West & East,12000,10.07,7419,Delivered,231.9,7.3,true,42,2.0.0,2026-09-18T12:00:00Z
20008,2026-08-14T18:00:00Z,T-02,L,Kurla / Asalpha / Sakinaka,12000,7.2,7419,Delivered,192.0,7.18,true,42,2.0.0,2026-09-18T12:00:00Z
20009,2026-08-14T14:00:00Z,T-05,A,Colaba / Fort / Nariman Point,8000,7.98,7419,Delivered,231.5,7.75,true,42,2.0.0,2026-09-18T12:00:00Z
20010,2026-08-14T13:00:00Z,T-05,N,Ghatkopar / Pant Nagar,8000,4.82,7419,Delivered,177.5,7.43,true,42,2.0.0,2026-09-18T12:00:00Z
20011,2026-08-14T11:00:00Z,T-04,P/N,Malad / Marve / Malvani,10000,12.19,7419,Delivered,237.6,7.69,true,42,2.0.0,2026-09-18T12:00:00Z
20012,2026-08-14T16:00:00Z,T-07,G/N,Dharavi / Mahim / Dadar West,10000,4.0,7419,Delivered,180.6,7.11,true,42,2.0.0,2026-09-18T12:00:00Z
20013,2026-08-14T08:00:00Z,T-03,K/W,Andheri West / Versova,8000,6.21,7419,Delivered,200.7,7.78,true,42,2.0.0,2026-09-18T12:00:00Z
20014,2026-08-14T09:00:00Z,T-04,T,Mulund / Nahur,10000,3.77,7419,Delivered,232.1,7.14,true,42,2.0.0,2026-09-18T12:00:00Z
20015,2026-08-14T15:00:00Z,T-02,R/S,Kandivali West & East,12000,14.2,7419,Delivered,172.0,7.74,true,42,2.0.0,2026-09-18T12:00:00Z
20016,2026-08-14T11:00:00Z,T-08,F/N,Matunga / Sion / Wadala,10000,2.84,7419,Delivered,196.6,7.13,true,42,2.0.0,2026-09-18T12:00:00Z
20017,2026-08-14T11:00:00Z,T-01,R/N,Dahisar / Mandapeshwar,10000,17.02,7419,Delivered,224.8,7.79,true,42,2.0.0,2026-09-18T12:00:00Z
20018,2026-08-15T08:00:00Z,T-08,R/C,Borivali / Gorai,10000,16.4,7419,Delivered,223.8,7.45,true,42,2.0.0,2026-09-18T12:00:00Z
20019,2026-08-15T18:00:00Z,T-09,R/C,Borivali / Gorai,8000,15.2,7419,Delivered,177.9,7.46,true,42,2.0.0,2026-09-18T12:00:00Z
20020,2026-08-15T12:00:00Z,T-04,F/N,Matunga / Sion / Wadala,10000,3.0,7419,Delivered,227.6,7.59,true,42,2.0.0,2026-09-18T12:00:00Z
20021,2026-08-15T11:00:00Z,T-07,P/N,Malad / Marve / Malvani,10000,11.12,7419,Delivered,169.0,7.54,true,42,2.0.0,2026-09-18T12:00:00Z
20022,2026-08-15T09:00:00Z,T-01,C,Marine Lines / Chandanwadi,10000,5.97,7419,Delivered,162.1,7.7,true,42,2.0.0,2026-09-18T12:00:00Z
20023,2026-08-15T12:00:00Z,T-06,H/E,Bandra East / Santacruz East,12000,5.1,7419,Delivered,212.8,7.35,true,42,2.0.0,2026-09-18T12:00:00Z
20024,2026-08-15T17:00:00Z,T-03,R/S,Kandivali West & East,8000,14.5,7419,Delivered,209.8,7.65,true,42,2.0.0,2026-09-18T12:00:00Z
20025,2026-08-15T16:00:00Z,T-01,K/E,Andheri East / Marol,10000,3.47,7419,Delivered,213.1,7.1,true,42,2.0.0,2026-09-18T12:00:00Z
20026,2026-08-15T16:00:00Z,T-06,P/N,Malad / Marve / Malvani,12000,11.82,7419,Delivered,168.9,7.12,true,42,2.0.0,2026-09-18T12:00:00Z
20027,2026-08-15T08:00:00Z,T-08,L,Kurla / Asalpha / Sakinaka,10000,5.73,7419,Delivered,170.6,7.49,true,42,2.0.0,2026-09-18T12:00:00Z
20028,2026-08-15T12:00:00Z,T-01,A,Colaba / Fort / Nariman Point,10000,8.77,7419,Delivered,171.7,7.39,true,42,2.0.0,2026-09-18T12:00:00Z
20029,2026-08-15T13:00:00Z,T-08,H/E,Bandra East / Santacruz East,10000,5.74,7419,Delivered,213.6,7.55,true,42,2.0.0,2026-09-18T12:00:00Z
20030,2026-08-15T12:00:00Z,T-04,R/C,Borivali / Gorai,10000,15.19,7419,Delivered,226.8,7.78,true,42,2.0.0,2026-09-18T12:00:00Z
20031,2026-08-15T11:00:00Z,T-08,R/N,Dahisar / Mandapeshwar,10000,18.38,7419,Delivered,199.3,7.16,true,42,2.0.0,2026-09-18T12:00:00Z
20032,2026-08-15T17:00:00Z,T-07,S,Bhandup / Kanjurmarg / Powai,10000,1.05,7419,Delivered,210.1,7.41,true,42,2.0.0,2026-09-18T12:00:00Z
20033,2026-08-15T09:00:00Z,T-02,A,Colaba / Fort / Nariman Point,12000,7.82,7419,Delivered,200.9,7.57,true,42,2.0.0,2026-09-18T12:00:00Z
20034,2026-08-15T09:00:00Z,T-03,K/W,Andheri West / Versova,8000,7.2,7419,Delivered,199.5,7.47,true,42,2.0.0,2026-09-18T12:00:00Z
20035,2026-08-15T19:00:00Z,T-03,B,Sandhurst Road / Dongri,8000,5.29,7419,Delivered,189.5,7.46,true,42,2.0.0,2026-09-18T12:00:00Z
20036,2026-08-15T19:00:00Z,T-03,E,Byculla / Mazgaon / Nagpada,8000,4.76,7419,Delivered,230.9,7.36,true,42,2.0.0,2026-09-18T12:00:00Z
20037,2026-08-16T14:00:00Z,T-03,M/W,Chembur West / Tilak Nagar,8000,4.36,7419,Delivered,192.8,7.66,true,42,2.0.0,2026-09-18T12:00:00Z
20038,2026-08-16T08:00:00Z,T-04,C,Marine Lines / Chandanwadi,10000,6.37,7419,Delivered,218.0,7.21,true,42,2.0.0,2026-09-18T12:00:00Z
20039,2026-08-16T17:00:00Z,T-03,R/N,Dahisar / Mandapeshwar,8000,17.25,7419,Delivered,229.5,7.4,true,42,2.0.0,2026-09-18T12:00:00Z
20040,2026-08-16T15:00:00Z,T-06,L,Kurla / Asalpha / Sakinaka,12000,7.04,7419,Delivered,234.9,7.36,true,42,2.0.0,2026-09-18T12:00:00Z
20041,2026-08-16T19:00:00Z,T-02,G/N,Dharavi / Mahim / Dadar West,12000,4.21,7419,Delivered,189.7,7.4,true,42,2.0.0,2026-09-18T12:00:00Z
20042,2026-08-16T19:00:00Z,T-02,H/E,Bandra East / Santacruz East,12000,5.99,7419,Delivered,203.3,7.21,true,42,2.0.0,2026-09-18T12:00:00Z
20043,2026-08-16T19:00:00Z,T-05,N,Ghatkopar / Pant Nagar,8000,4.93,7419,Delivered,168.9,7.21,true,42,2.0.0,2026-09-18T12:00:00Z
20044,2026-08-16T19:00:00Z,T-05,N,Ghatkopar / Pant Nagar,8000,5.07,7419,Delivered,189.8,7.25,true,42,2.0.0,2026-09-18T12:00:00Z
20045,2026-08-16T17:00:00Z,T-03,R/S,Kandivali West & East,8000,13.27,7419,Delivered,224.7,7.4,true,42,2.0.0,2026-09-18T12:00:00Z
20046,2026-08-16T19:00:00Z,T-04,B,Sandhurst Road / Dongri,10000,6.59,7419,Delivered,225.3,7.17,true,42,2.0.0,2026-09-18T12:00:00Z
20047,2026-08-16T11:00:00Z,T-02,N,Ghatkopar / Pant Nagar,12000,4.84,7419,Delivered,191.2,7.76,true,42,2.0.0,2026-09-18T12:00:00Z
20048,2026-08-16T11:00:00Z,T-07,R/C,Borivali / Gorai,10000,16.14,7419,Delivered,225.4,7.61,true,42,2.0.0,2026-09-18T12:00:00Z
20049,2026-08-16T12:00:00Z,T-10,R/S,Kandivali West & East,10000,14.04,7419,Delivered,166.0,7.51,true,42,2.0.0,2026-09-18T12:00:00Z
20050,2026-08-16T10:00:00Z,T-09,G/N,Dharavi / Mahim / Dadar West,8000,4.2,7419,Delivered,204.5,7.24,true,42,2.0.0,2026-09-18T12:00:00Z
20051,2026-08-16T11:00:00Z,T-10,N,Ghatkopar / Pant Nagar,10000,5.15,7419,Delivered,208.4,7.45,true,42,2.0.0,2026-09-18T12:00:00Z
20052,2026-08-17T11:00:00Z,T-06,N,Ghatkopar / Pant Nagar,12000,4.78,7419,Delivered,228.1,7.73,true,42,2.0.0,2026-09-18T12:00:00Z
20053,2026-08-17T17:00:00Z,T-05,F/N,Matunga / Sion / Wadala,8000,2.76,7419,Delivered,234.0,7.79,true,42,2.0.0,2026-09-18T12:00:00Z
20054,2026-08-17T09:00:00Z,T-01,T,Mulund / Nahur,10000,3.62,7419,Delivered,171.9,7.8,true,42,2.0.0,2026-09-18T12:00:00Z
20055,2026-08-17T19:00:00Z,T-06,A,Colaba / Fort / Nariman Point,12000,7.64,7419,Delivered,199.4,7.73,true,42,2.0.0,2026-09-18T12:00:00Z
20056,2026-08-17T16:00:00Z,T-03,S,Bhandup / Kanjurmarg / Powai,8000,1.58,7419,Delivered,163.1,7.53,true,42,2.0.0,2026-09-18T12:00:00Z
20057,2026-08-17T18:00:00Z,T-01,M/E,Govandi / Mankhurd / Shivaji Nagar,10000,4.57,7419,Delivered,201.4,7.49,true,42,2.0.0,2026-09-18T12:00:00Z
20058,2026-08-17T12:00:00Z,T-05,M/E,Govandi / Mankhurd / Shivaji Nagar,8000,5.56,7419,Delivered,179.4,7.55,true,42,2.0.0,2026-09-18T12:00:00Z
20059,2026-08-17T14:00:00Z,T-06,S,Bhandup / Kanjurmarg / Powai,12000,1.7,7419,Delivered,215.6,7.5,true,42,2.0.0,2026-09-18T12:00:00Z
20060,2026-08-17T14:00:00Z,T-06,S,Bhandup / Kanjurmarg / Powai,12000,1.43,7419,Delivered,199.3,7.42,true,42,2.0.0,2026-09-18T12:00:00Z
20061,2026-08-17T13:00:00Z,T-08,L,Kurla / Asalpha / Sakinaka,10000,6.93,7419,Delivered,170.6,7.74,true,42,2.0.0,2026-09-18T12:00:00Z
20062,2026-08-17T15:00:00Z,T-03,M/E,Govandi / Mankhurd / Shivaji Nagar,8000,5.42,7419,Delivered,188.9,7.75,true,42,2.0.0,2026-09-18T12:00:00Z
20063,2026-08-17T19:00:00Z,T-01,F/S,Parel / Sewri / Lalbaug,10000,4.07,7419,Delivered,233.5,7.55,true,42,2.0.0,2026-09-18T12:00:00Z
20064,2026-08-17T18:00:00Z,T-01,L,Kurla / Asalpha / Sakinaka,10000,7.24,7419,Delivered,212.9,7.31,true,42,2.0.0,2026-09-18T12:00:00Z
20065,2026-08-17T19:00:00Z,T-08,T,Mulund / Nahur,10000,4.44,7419,Delivered,160.4,7.49,true,42,2.0.0,2026-09-18T12:00:00Z
20066,2026-08-17T16:00:00Z,T-06,M/E,Govandi / Mankhurd / Shivaji Nagar,12000,5.6,7419,Delivered,212.1,7.29,true,42,2.0.0,2026-09-18T12:00:00Z
20067,2026-08-17T16:00:00Z,T-04,G/N,Dharavi / Mahim / Dadar West,10000,4.5,7419,Delivered,229.3,7.44,true,42,2.0.0,2026-09-18T12:00:00Z
20068,2026-08-18T15:00:00Z,T-06,S,Bhandup / Kanjurmarg / Powai,12000,2.18,7419,Delivered,184.4,7.38,true,42,2.0.0,2026-09-18T12:00:00Z
20069,2026-08-18T13:00:00Z,T-04,F/N,Matunga / Sion / Wadala,10000,4.08,7419,Delivered,173.1,7.28,true,42,2.0.0,2026-09-18T12:00:00Z
20070,2026-08-18T17:00:00Z,T-07,G/N,Dharavi / Mahim / Dadar West,10000,3.79,7419,Delivered,222.1,7.48,true,42,2.0.0,2026-09-18T12:00:00Z
20071,2026-08-18T08:00:00Z,T-02,M/E,Govandi / Mankhurd / Shivaji Nagar,12000,5.65,7419,Delivered,191.5,7.27,true,42,2.0.0,2026-09-18T12:00:00Z
20072,2026-08-18T14:00:00Z,T-07,K/W,Andheri West / Versova,10000,7.49,7419,Delivered,224.3,7.72,true,42,2.0.0,2026-09-18T12:00:00Z
20073,2026-08-18T15:00:00Z,T-01,G/N,Dharavi / Mahim / Dadar West,10000,4.58,7419,Delivered,198.0,7.37,true,42,2.0.0,2026-09-18T12:00:00Z
20074,2026-08-18T13:00:00Z,T-02,P/S,Goregaon West & East,12000,9.79,7419,Delivered,235.6,7.57,true,42,2.0.0,2026-09-18T12:00:00Z
20075,2026-08-18T13:00:00Z,T-01,K/E,Andheri East / Marol,10000,3.47,7419,Delivered,164.6,7.57,true,42,2.0.0,2026-09-18T12:00:00Z
20076,2026-08-18T19:00:00Z,T-10,M/E,Govandi / Mankhurd / Shivaji Nagar,10000,5.35,7419,Delivered,177.2,7.13,true,42,2.0.0,2026-09-18T12:00:00Z
20077,2026-08-18T11:00:00Z,T-04,M/W,Chembur West / Tilak Nagar,10000,4.21,7419,Delivered,180.9,7.58,true,42,2.0.0,2026-09-18T12:00:00Z
20078,2026-08-18T19:00:00Z,T-03,B,Sandhurst Road / Dongri,8000,6.44,7419,Delivered,172.5,7.33,true,42,2.0.0,2026-09-18T12:00:00Z
20079,2026-08-18T16:00:00Z,T-01,H/E,Bandra East / Santacruz East,10000,5.03,7419,Delivered,221.5,7.66,true,42,2.0.0,2026-09-18T12:00:00Z
20080,2026-08-18T09:00:00Z,T-03,D,Malabar Hill / Walkeshwar,8000,7.04,7419,Delivered,170.7,7.11,true,42,2.0.0,2026-09-18T12:00:00Z
20081,2026-08-18T14:00:00Z,T-10,N,Ghatkopar / Pant Nagar,10000,4.46,7419,Delivered,175.9,7.41,true,42,2.0.0,2026-09-18T12:00:00Z
20082,2026-08-18T18:00:00Z,T-09,G/S,Worli / Lower Parel,8000,5.73,7419,Delivered,197.0,7.36,true,42,2.0.0,2026-09-18T12:00:00Z
20083,2026-08-18T08:00:00Z,T-05,K/E,Andheri East / Marol,8000,3.58,7419,Delivered,194.5,7.29,true,42,2.0.0,2026-09-18T12:00:00Z
20084,2026-08-18T14:00:00Z,T-08,G/N,Dharavi / Mahim / Dadar West,10000,3.29,7419,Delivered,173.2,7.58,true,42,2.0.0,2026-09-18T12:00:00Z
20085,2026-08-18T12:00:00Z,T-01,E,Byculla / Mazgaon / Nagpada,10000,5.33,7419,Delivered,239.5,7.77,true,42,2.0.0,2026-09-18T12:00:00Z
20086,2026-08-18T19:00:00Z,T-08,P/N,Malad / Marve / Malvani,10000,11.16,7419,Delivered,231.6,7.17,true,42,2.0.0,2026-09-18T12:00:00Z
20087,2026-08-19T12:00:00Z,T-03,N,Ghatkopar / Pant Nagar,8000,5.04,7419,Delivered,207.7,7.65,true,42,2.0.0,2026-09-18T12:00:00Z
20088,2026-08-19T14:00:00Z,T-03,F/S,Parel / Sewri / Lalbaug,8000,3.24,7419,Delivered,228.7,7.51,true,42,2.0.0,2026-09-18T12:00:00Z
20089,2026-08-19T10:00:00Z,T-06,A,Colaba / Fort / Nariman Point,12000,9.0,7419,Delivered,227.7,7.74,true,42,2.0.0,2026-09-18T12:00:00Z
20090,2026-08-19T12:00:00Z,T-04,P/N,Malad / Marve / Malvani,10000,11.21,7419,Delivered,229.9,7.68,true,42,2.0.0,2026-09-18T12:00:00Z
20091,2026-08-19T19:00:00Z,T-09,F/S,Parel / Sewri / Lalbaug,8000,4.18,7419,Delivered,171.4,7.22,true,42,2.0.0,2026-09-18T12:00:00Z
20092,2026-08-19T13:00:00Z,T-08,R/N,Dahisar / Mandapeshwar,10000,17.29,7419,Delivered,233.2,7.58,true,42,2.0.0,2026-09-18T12:00:00Z
20093,2026-08-19T11:00:00Z,T-08,G/S,Worli / Lower Parel,10000,5.52,7419,Delivered,218.7,7.37,true,42,2.0.0,2026-09-18T12:00:00Z
20094,2026-08-19T12:00:00Z,T-07,M/E,Govandi / Mankhurd / Shivaji Nagar,10000,5.21,7419,Delivered,220.9,7.78,true,42,2.0.0,2026-09-18T12:00:00Z
20095,2026-08-19T18:00:00Z,T-03,G/N,Dharavi / Mahim / Dadar West,8000,4.77,7419,Delivered,172.0,7.13,true,42,2.0.0,2026-09-18T12:00:00Z
20096,2026-08-19T16:00:00Z,T-04,B,Sandhurst Road / Dongri,10000,6.71,7419,Delivered,226.0,7.24,true,42,2.0.0,2026-09-18T12:00:00Z
20097,2026-08-19T09:00:00Z,T-03,M/E,Govandi / Mankhurd / Shivaji Nagar,8000,5.29,7419,Delivered,199.0,7.18,true,42,2.0.0,2026-09-18T12:00:00Z
20098,2026-08-19T13:00:00Z,T-10,P/S,Goregaon West & East,10000,9.93,7419,Delivered,193.1,7.32,true,42,2.0.0,2026-09-18T12:00:00Z
20099,2026-08-19T15:00:00Z,T-07,T,Mulund / Nahur,10000,3.36,7419,Delivered,161.6,7.76,true,42,2.0.0,2026-09-18T12:00:00Z
20100,2026-08-19T17:00:00Z,T-09,L,Kurla / Asalpha / Sakinaka,8000,6.66,7419,Delivered,207.6,7.19,true,42,2.0.0,2026-09-18T12:00:00Z
20101,2026-08-19T10:00:00Z,T-02,C,Marine Lines / Chandanwadi,12000,6.36,7419,Delivered,175.3,7.66,true,42,2.0.0,2026-09-18T12:00:00Z
20102,2026-08-20T13:00:00Z,T-05,R/S,Kandivali West & East,8000,13.1,7419,Delivered,173.2,7.78,true,42,2.0.0,2026-09-18T12:00:00Z
20103,2026-08-20T08:00:00Z,T-03,R/S,Kandivali West & East,8000,13.04,7419,Delivered,221.2,7.44,true,42,2.0.0,2026-09-18T12:00:00Z
20104,2026-08-20T14:00:00Z,T-09,T,Mulund / Nahur,8000,3.96,7419,Delivered,162.8,7.13,true,42,2.0.0,2026-09-18T12:00:00Z
20105,2026-08-20T16:00:00Z,T-04,E,Byculla / Mazgaon / Nagpada,10000,4.12,7419,Delivered,233.0,7.29,true,42,2.0.0,2026-09-18T12:00:00Z
20106,2026-08-20T14:00:00Z,T-02,M/W,Chembur West / Tilak Nagar,12000,4.57,7419,Delivered,163.7,7.49,true,42,2.0.0,2026-09-18T12:00:00Z
20107,2026-08-20T12:00:00Z,T-09,P/S,Goregaon West & East,8000,9.98,7419,Delivered,237.1,7.2,true,42,2.0.0,2026-09-18T12:00:00Z
20108,2026-08-20T17:00:00Z,T-04,L,Kurla / Asalpha / Sakinaka,10000,6.47,7419,Delivered,223.6,7.2,true,42,2.0.0,2026-09-18T12:00:00Z
20109,2026-08-20T11:00:00Z,T-08,M/E,Govandi / Mankhurd / Shivaji Nagar,10000,5.99,7419,Delivered,167.6,7.71,true,42,2.0.0,2026-09-18T12:00:00Z
20110,2026-08-20T19:00:00Z,T-07,S,Bhandup / Kanjurmarg / Powai,10000,1.57,7419,Delivered,182.3,7.59,true,42,2.0.0,2026-09-18T12:00:00Z
20111,2026-08-20T15:00:00Z,T-01,F/N,Matunga / Sion / Wadala,10000,3.04,7419,Delivered,226.2,7.75,true,42,2.0.0,2026-09-18T12:00:00Z
20112,2026-08-20T16:00:00Z,T-05,S,Bhandup / Kanjurmarg / Powai,8000,2.37,7419,Delivered,171.4,7.67,true,42,2.0.0,2026-09-18T12:00:00Z
20113,2026-08-20T10:00:00Z,T-05,P/S,Goregaon West & East,8000,9.2,7419,Delivered,183.7,7.33,true,42,2.0.0,2026-09-18T12:00:00Z
20114,2026-08-20T12:00:00Z,T-09,M/E,Govandi / Mankhurd / Shivaji Nagar,8000,5.99,7419,Delivered,179.9,7.11,true,42,2.0.0,2026-09-18T12:00:00Z
20115,2026-08-20T14:00:00Z,T-02,F/N,Matunga / Sion / Wadala,12000,3.63,7419,Delivered,165.5,7.65,true,42,2.0.0,2026-09-18T12:00:00Z
20116,2026-08-20T08:00:00Z,T-05,E,Byculla / Mazgaon / Nagpada,8000,5.46,7419,Delivered,188.9,7.4,true,42,2.0.0,2026-09-18T12:00:00Z
20117,2026-08-20T11:00:00Z,T-03,H/W,Bandra West / Khar,8000,6.94,7419,Delivered,199.0,7.3,true,42,2.0.0,2026-09-18T12:00:00Z
20118,2026-08-20T14:00:00Z,T-09,N,Ghatkopar / Pant Nagar,8000,4.16,7419,Delivered,233.6,7.6,true,42,2.0.0,2026-09-18T12:00:00Z
20119,2026-08-20T09:00:00Z,T-07,G/N,Dharavi / Mahim / Dadar West,10000,4.36,7419,Delivered,185.1,7.47,true,42,2.0.0,2026-09-18T12:00:00Z
20120,2026-08-21T18:00:00Z,T-06,C,Marine Lines / Chandanwadi,12000,5.98,7419,Delivered,212.0,7.7,true,42,2.0.0,2026-09-18T12:00:00Z
20121,2026-08-21T19:00:00Z,T-08,M/E,Govandi / Mankhurd / Shivaji Nagar,10000,5.16,7419,Delivered,229.9,7.1,true,42,2.0.0,2026-09-18T12:00:00Z
20122,2026-08-21T13:00:00Z,T-09,M/W,Chembur West / Tilak Nagar,8000,4.2,7419,Delivered,218.6,7.15,true,42,2.0.0,2026-09-18T12:00:00Z
20123,2026-08-21T17:00:00Z,T-06,F/N,Matunga / Sion / Wadala,12000,4.1,7419,Delivered,193.6,7.13,true,42,2.0.0,2026-09-18T12:00:00Z
20124,2026-08-21T19:00:00Z,T-07,R/N,Dahisar / Mandapeshwar,10000,17.59,7419,Delivered,181.6,7.51,true,42,2.0.0,2026-09-18T12:00:00Z
20125,2026-08-21T19:00:00Z,T-07,F/N,Matunga / Sion / Wadala,10000,4.31,7419,Delivered,186.4,7.59,true,42,2.0.0,2026-09-18T12:00:00Z
20126,2026-08-21T12:00:00Z,T-05,G/N,Dharavi / Mahim / Dadar West,8000,4.69,7419,Delivered,173.1,7.76,true,42,2.0.0,2026-09-18T12:00:00Z
20127,2026-08-21T09:00:00Z,T-09,P/N,Malad / Marve / Malvani,8000,12.47,7419,Delivered,212.7,7.23,true,42,2.0.0,2026-09-18T12:00:00Z
20128,2026-08-21T15:00:00Z,T-09,L,Kurla / Asalpha / Sakinaka,8000,7.19,7419,Delivered,164.0,7.47,true,42,2.0.0,2026-09-18T12:00:00Z
20129,2026-08-21T08:00:00Z,T-02,T,Mulund / Nahur,12000,4.49,7419,Delivered,226.5,7.36,true,42,2.0.0,2026-09-18T12:00:00Z
20130,2026-08-21T10:00:00Z,T-03,G/N,Dharavi / Mahim / Dadar West,8000,4.59,7419,Delivered,166.5,7.54,true,42,2.0.0,2026-09-18T12:00:00Z
20131,2026-08-21T12:00:00Z,T-04,D,Malabar Hill / Walkeshwar,10000,7.16,7419,Delivered,203.9,7.74,true,42,2.0.0,2026-09-18T12:00:00Z
20132,2026-08-21T19:00:00Z,T-05,M/W,Chembur West / Tilak Nagar,8000,4.65,7419,Delivered,210.8,7.4,true,42,2.0.0,2026-09-18T12:00:00Z
20133,2026-08-21T08:00:00Z,T-01,R/C,Borivali / Gorai,10000,15.89,7419,Delivered,169.3,7.26,true,42,2.0.0,2026-09-18T12:00:00Z
20134,2026-08-21T16:00:00Z,T-02,L,Kurla / Asalpha / Sakinaka,12000,6.87,7419,Delivered,217.4,7.35,true,42,2.0.0,2026-09-18T12:00:00Z
20135,2026-08-21T11:00:00Z,T-03,H/E,Bandra East / Santacruz East,8000,5.51,7419,Delivered,208.6,7.62,true,42,2.0.0,2026-09-18T12:00:00Z
20136,2026-08-21T18:00:00Z,T-10,M/E,Govandi / Mankhurd / Shivaji Nagar,10000,5.54,7419,Delivered,185.1,7.69,true,42,2.0.0,2026-09-18T12:00:00Z
20137,2026-08-21T08:00:00Z,T-09,P/S,Goregaon West & East,8000,9.63,7419,Delivered,186.1,7.78,true,42,2.0.0,2026-09-18T12:00:00Z
20138,2026-08-21T09:00:00Z,T-05,G/N,Dharavi / Mahim / Dadar West,8000,4.2,7419,Delivered,201.1,7.29,true,42,2.0.0,2026-09-18T12:00:00Z
20139,2026-08-22T11:00:00Z,T-04,L,Kurla / Asalpha / Sakinaka,10000,6.67,7419,Delivered,179.6,7.38,true,42,2.0.0,2026-09-18T12:00:00Z
20140,2026-08-22T08:00:00Z,T-09,B,Sandhurst Road / Dongri,8000,5.22,7419,Delivered,212.3,7.21,true,42,2.0.0,2026-09-18T12:00:00Z
20141,2026-08-22T15:00:00Z,T-09,L,Kurla / Asalpha / Sakinaka,8000,7.22,7419,Delivered,166.6,7.71,true,42,2.0.0,2026-09-18T12:00:00Z
20142,2026-08-22T12:00:00Z,T-09,R/C,Borivali / Gorai,8000,16.05,7419,Delivered,200.6,7.76,true,42,2.0.0,2026-09-18T12:00:00Z
20143,2026-08-22T12:00:00Z,T-08,L,Kurla / Asalpha / Sakinaka,10000,6.24,7419,Delivered,225.8,7.16,true,42,2.0.0,2026-09-18T12:00:00Z
20144,2026-08-22T17:00:00Z,T-06,S,Bhandup / Kanjurmarg / Powai,12000,1.23,7419,Delivered,179.2,7.28,true,42,2.0.0,2026-09-18T12:00:00Z
20145,2026-08-22T17:00:00Z,T-08,R/C,Borivali / Gorai,10000,15.38,7419,Delivered,203.7,7.76,true,42,2.0.0,2026-09-18T12:00:00Z
20146,2026-08-22T12:00:00Z,T-03,R/N,Dahisar / Mandapeshwar,8000,18.5,7419,Delivered,227.6,7.62,true,42,2.0.0,2026-09-18T12:00:00Z
20147,2026-08-22T15:00:00Z,T-02,N,Ghatkopar / Pant Nagar,12000,5.21,7419,Delivered,201.5,7.32,true,42,2.0.0,2026-09-18T12:00:00Z
20148,2026-08-22T10:00:00Z,T-01,M/E,Govandi / Mankhurd / Shivaji Nagar,10000,5.33,7419,Delivered,169.0,7.56,true,42,2.0.0,2026-09-18T12:00:00Z
20149,2026-08-22T17:00:00Z,T-03,E,Byculla / Mazgaon / Nagpada,8000,4.24,7419,Delivered,171.2,7.35,true,42,2.0.0,2026-09-18T12:00:00Z
20150,2026-08-22T16:00:00Z,T-04,E,Byculla / Mazgaon / Nagpada,10000,5.58,7419,Delivered,239.6,7.24,true,42,2.0.0,2026-09-18T12:00:00Z
20151,2026-08-22T17:00:00Z,T-07,T,Mulund / Nahur,10000,3.74,7419,Delivered,186.0,7.34,true,42,2.0.0,2026-09-18T12:00:00Z
20152,2026-08-22T15:00:00Z,T-05,T,Mulund / Nahur,8000,3.44,7419,Delivered,169.5,7.5,true,42,2.0.0,2026-09-18T12:00:00Z
20153,2026-08-22T17:00:00Z,T-07,K/W,Andheri West / Versova,10000,6.11,7419,Delivered,182.6,7.65,true,42,2.0.0,2026-09-18T12:00:00Z
20154,2026-08-22T10:00:00Z,T-06,K/W,Andheri West / Versova,12000,6.9,7419,Delivered,195.0,7.56,true,42,2.0.0,2026-09-18T12:00:00Z
20155,2026-08-22T13:00:00Z,T-01,G/N,Dharavi / Mahim / Dadar West,10000,4.71,7419,Delivered,189.7,7.34,true,42,2.0.0,2026-09-18T12:00:00Z
20156,2026-08-22T09:00:00Z,T-07,M/E,Govandi / Mankhurd / Shivaji Nagar,10000,5.88,7419,Delivered,238.0,7.1,true,42,2.0.0,2026-09-18T12:00:00Z
20157,2026-08-22T15:00:00Z,T-01,B,Sandhurst Road / Dongri,10000,6.05,7419,Delivered,214.3,7.35,true,42,2.0.0,2026-09-18T12:00:00Z
20158,2026-08-23T14:00:00Z,T-02,R/S,Kandivali West & East,12000,13.33,7419,Delivered,239.5,7.24,true,42,2.0.0,2026-09-18T12:00:00Z
20159,2026-08-23T08:00:00Z,T-08,H/W,Bandra West / Khar,10000,7.03,7419,Delivered,191.9,7.29,true,42,2.0.0,2026-09-18T12:00:00Z
20160,2026-08-23T08:00:00Z,T-08,P/N,Malad / Marve / Malvani,10000,11.57,7419,Delivered,201.6,7.42,true,42,2.0.0,2026-09-18T12:00:00Z
20161,2026-08-23T18:00:00Z,T-01,B,Sandhurst Road / Dongri,10000,5.64,7419,Delivered,236.8,7.71,true,42,2.0.0,2026-09-18T12:00:00Z
20162,2026-08-23T19:00:00Z,T-07,R/C,Borivali / Gorai,10000,15.04,7419,Delivered,175.6,7.74,true,42,2.0.0,2026-09-18T12:00:00Z
20163,2026-08-23T14:00:00Z,T-01,G/S,Worli / Lower Parel,10000,5.72,7419,Delivered,177.0,7.37,true,42,2.0.0,2026-09-18T12:00:00Z
20164,2026-08-23T19:00:00Z,T-08,M/E,Govandi / Mankhurd / Shivaji Nagar,10000,5.51,7419,Delivered,238.3,7.17,true,42,2.0.0,2026-09-18T12:00:00Z
20165,2026-08-23T11:00:00Z,T-08,P/S,Goregaon West & East,10000,10.13,7419,Delivered,200.5,7.14,true,42,2.0.0,2026-09-18T12:00:00Z
20166,2026-08-23T09:00:00Z,T-03,H/E,Bandra East / Santacruz East,8000,5.45,7419,Delivered,177.6,7.69,true,42,2.0.0,2026-09-18T12:00:00Z
20167,2026-08-23T08:00:00Z,T-06,E,Byculla / Mazgaon / Nagpada,12000,5.67,7419,Delivered,210.4,7.54,true,42,2.0.0,2026-09-18T12:00:00Z
20168,2026-08-23T09:00:00Z,T-08,P/S,Goregaon West & East,10000,9.34,7419,Delivered,178.3,7.51,true,42,2.0.0,2026-09-18T12:00:00Z
20169,2026-08-23T08:00:00Z,T-01,F/N,Matunga / Sion / Wadala,10000,3.82,7419,Delivered,196.4,7.2,true,42,2.0.0,2026-09-18T12:00:00Z
20170,2026-08-23T08:00:00Z,T-09,P/N,Malad / Marve / Malvani,8000,11.83,7419,Delivered,202.8,7.19,true,42,2.0.0,2026-09-18T12:00:00Z
20171,2026-08-23T15:00:00Z,T-10,D,Malabar Hill / Walkeshwar,10000,7.29,7419,Delivered,202.2,7.54,true,42,2.0.0,2026-09-18T12:00:00Z
20172,2026-08-23T18:00:00Z,T-10,H/W,Bandra West / Khar,10000,6.37,7419,Delivered,176.4,7.18,true,42,2.0.0,2026-09-18T12:00:00Z
20173,2026-08-24T14:00:00Z,T-08,M/E,Govandi / Mankhurd / Shivaji Nagar,10000,4.33,7419,Delivered,208.2,7.29,true,42,2.0.0,2026-09-18T12:00:00Z
20174,2026-08-24T10:00:00Z,T-10,K/E,Andheri East / Marol,10000,3.57,7419,Delivered,199.7,7.39,true,42,2.0.0,2026-09-18T12:00:00Z
20175,2026-08-24T17:00:00Z,T-05,R/C,Borivali / Gorai,8000,16.05,7419,Delivered,218.9,7.44,true,42,2.0.0,2026-09-18T12:00:00Z
20176,2026-08-24T10:00:00Z,T-10,B,Sandhurst Road / Dongri,10000,6.68,7419,Delivered,224.2,7.21,true,42,2.0.0,2026-09-18T12:00:00Z
20177,2026-08-24T09:00:00Z,T-05,M/E,Govandi / Mankhurd / Shivaji Nagar,8000,5.47,7419,Delivered,208.2,7.78,true,42,2.0.0,2026-09-18T12:00:00Z
20178,2026-08-24T13:00:00Z,T-08,P/S,Goregaon West & East,10000,9.66,7419,Delivered,162.3,7.51,true,42,2.0.0,2026-09-18T12:00:00Z
20179,2026-08-24T16:00:00Z,T-04,B,Sandhurst Road / Dongri,10000,6.54,7419,Delivered,224.2,7.17,true,42,2.0.0,2026-09-18T12:00:00Z
20180,2026-08-24T12:00:00Z,T-01,F/S,Parel / Sewri / Lalbaug,10000,3.93,7419,Delivered,179.6,7.3,true,42,2.0.0,2026-09-18T12:00:00Z
20181,2026-08-24T10:00:00Z,T-08,M/W,Chembur West / Tilak Nagar,10000,3.85,7419,Delivered,234.5,7.61,true,42,2.0.0,2026-09-18T12:00:00Z
20182,2026-08-24T08:00:00Z,T-03,K/W,Andheri West / Versova,8000,6.11,7419,Delivered,179.6,7.56,true,42,2.0.0,2026-09-18T12:00:00Z
20183,2026-08-24T08:00:00Z,T-10,K/E,Andheri East / Marol,10000,3.63,7419,Delivered,163.8,7.48,true,42,2.0.0,2026-09-18T12:00:00Z
20184,2026-08-24T10:00:00Z,T-02,P/S,Goregaon West & East,12000,9.24,7419,Delivered,161.9,7.72,true,42,2.0.0,2026-09-18T12:00:00Z
20185,2026-08-24T09:00:00Z,T-07,H/W,Bandra West / Khar,10000,6.34,7419,Delivered,206.5,7.32,true,42,2.0.0,2026-09-18T12:00:00Z
20186,2026-08-24T16:00:00Z,T-05,L,Kurla / Asalpha / Sakinaka,8000,6.0,7419,Delivered,186.5,7.3,true,42,2.0.0,2026-09-18T12:00:00Z
20187,2026-08-24T13:00:00Z,T-02,F/S,Parel / Sewri / Lalbaug,12000,3.83,7419,Delivered,171.7,7.71,true,42,2.0.0,2026-09-18T12:00:00Z
20188,2026-08-24T16:00:00Z,T-05,M/E,Govandi / Mankhurd / Shivaji Nagar,8000,5.36,7419,Delivered,216.2,7.66,true,42,2.0.0,2026-09-18T12:00:00Z
20189,2026-08-24T12:00:00Z,T-03,S,Bhandup / Kanjurmarg / Powai,8000,1.19,7419,Delivered,205.4,7.34,true,42,2.0.0,2026-09-18T12:00:00Z
20190,2026-08-25T11:00:00Z,T-08,M/E,Govandi / Mankhurd / Shivaji Nagar,10000,5.91,7419,Delivered,164.8,7.29,true,42,2.0.0,2026-09-18T12:00:00Z
20191,2026-08-25T19:00:00Z,T-04,K/W,Andheri West / Versova,10000,7.08,7419,Delivered,212.9,7.17,true,42,2.0.0,2026-09-18T12:00:00Z
20192,2026-08-25T17:00:00Z,T-10,P/N,Malad / Marve / Malvani,10000,12.53,7419,Delivered,178.5,7.54,true,42,2.0.0,2026-09-18T12:00:00Z
20193,2026-08-25T14:00:00Z,T-10,G/N,Dharavi / Mahim / Dadar West,10000,3.72,7419,Delivered,222.5,7.25,true,42,2.0.0,2026-09-18T12:00:00Z
20194,2026-08-25T19:00:00Z,T-10,F/N,Matunga / Sion / Wadala,10000,3.77,7419,Delivered,209.5,7.43,true,42,2.0.0,2026-09-18T12:00:00Z
20195,2026-08-25T15:00:00Z,T-07,K/W,Andheri West / Versova,10000,7.15,7419,Delivered,204.8,7.52,true,42,2.0.0,2026-09-18T12:00:00Z
20196,2026-08-25T12:00:00Z,T-06,M/E,Govandi / Mankhurd / Shivaji Nagar,12000,4.57,7419,Delivered,208.5,7.75,true,42,2.0.0,2026-09-18T12:00:00Z
20197,2026-08-25T08:00:00Z,T-03,P/S,Goregaon West & East,8000,9.13,7419,Delivered,204.9,7.62,true,42,2.0.0,2026-09-18T12:00:00Z
20198,2026-08-25T16:00:00Z,T-05,R/C,Borivali / Gorai,8000,16.02,7419,Delivered,165.8,7.46,true,42,2.0.0,2026-09-18T12:00:00Z
20199,2026-08-25T11:00:00Z,T-05,B,Sandhurst Road / Dongri,8000,6.43,7419,Delivered,168.6,7.27,true,42,2.0.0,2026-09-18T12:00:00Z
20200,2026-08-25T13:00:00Z,T-09,C,Marine Lines / Chandanwadi,8000,5.69,7419,Delivered,205.4,7.34,true,42,2.0.0,2026-09-18T12:00:00Z
20201,2026-08-25T15:00:00Z,T-09,R/S,Kandivali West & East,8000,13.41,7419,Delivered,222.9,7.16,true,42,2.0.0,2026-09-18T12:00:00Z
20202,2026-08-25T17:00:00Z,T-10,L,Kurla / Asalpha / Sakinaka,10000,6.7,7419,Delivered,187.8,7.53,true,42,2.0.0,2026-09-18T12:00:00Z
20203,2026-08-25T11:00:00Z,T-08,P/S,Goregaon West & East,10000,8.71,7419,Delivered,190.0,7.68,true,42,2.0.0,2026-09-18T12:00:00Z
20204,2026-08-25T13:00:00Z,T-09,N,Ghatkopar / Pant Nagar,8000,5.06,7419,Delivered,194.7,7.71,true,42,2.0.0,2026-09-18T12:00:00Z
20205,2026-08-25T12:00:00Z,T-07,H/W,Bandra West / Khar,10000,7.79,7419,Delivered,193.7,7.36,true,42,2.0.0,2026-09-18T12:00:00Z
20206,2026-08-26T10:00:00Z,T-07,K/W,Andheri West / Versova,10000,6.51,7419,Delivered,171.7,7.63,true,42,2.0.0,2026-09-18T12:00:00Z
20207,2026-08-26T16:00:00Z,T-02,R/C,Borivali / Gorai,12000,15.61,7419,Delivered,221.1,7.76,true,42,2.0.0,2026-09-18T12:00:00Z
20208,2026-08-26T17:00:00Z,T-02,L,Kurla / Asalpha / Sakinaka,12000,6.29,7419,Delivered,210.0,7.2,true,42,2.0.0,2026-09-18T12:00:00Z
20209,2026-08-26T10:00:00Z,T-04,L,Kurla / Asalpha / Sakinaka,10000,6.62,7419,Delivered,172.8,7.37,true,42,2.0.0,2026-09-18T12:00:00Z
20210,2026-08-26T18:00:00Z,T-08,G/N,Dharavi / Mahim / Dadar West,10000,3.78,7419,Delivered,169.0,7.14,true,42,2.0.0,2026-09-18T12:00:00Z
20211,2026-08-26T12:00:00Z,T-04,G/S,Worli / Lower Parel,10000,4.5,7419,Delivered,211.3,7.17,true,42,2.0.0,2026-09-18T12:00:00Z
20212,2026-08-26T09:00:00Z,T-09,E,Byculla / Mazgaon / Nagpada,8000,5.15,7419,Delivered,209.1,7.36,true,42,2.0.0,2026-09-18T12:00:00Z
20213,2026-08-26T08:00:00Z,T-09,P/N,Malad / Marve / Malvani,8000,11.13,7419,Delivered,213.8,7.43,true,42,2.0.0,2026-09-18T12:00:00Z
20214,2026-08-26T14:00:00Z,T-05,L,Kurla / Asalpha / Sakinaka,8000,7.05,7419,Delivered,207.1,7.47,true,42,2.0.0,2026-09-18T12:00:00Z
20215,2026-08-26T18:00:00Z,T-06,F/S,Parel / Sewri / Lalbaug,12000,4.15,7419,Delivered,192.8,7.24,true,42,2.0.0,2026-09-18T12:00:00Z
20216,2026-08-26T18:00:00Z,T-01,A,Colaba / Fort / Nariman Point,10000,7.97,7419,Delivered,173.5,7.8,true,42,2.0.0,2026-09-18T12:00:00Z
20217,2026-08-26T17:00:00Z,T-05,F/S,Parel / Sewri / Lalbaug,8000,4.06,7419,Delivered,171.8,7.6,true,42,2.0.0,2026-09-18T12:00:00Z
20218,2026-08-26T08:00:00Z,T-01,K/E,Andheri East / Marol,10000,3.25,7419,Delivered,232.9,7.34,true,42,2.0.0,2026-09-18T12:00:00Z
20219,2026-08-26T17:00:00Z,T-02,M/E,Govandi / Mankhurd / Shivaji Nagar,12000,4.54,7419,Delivered,198.0,7.48,true,42,2.0.0,2026-09-18T12:00:00Z
20220,2026-08-26T11:00:00Z,T-10,P/N,Malad / Marve / Malvani,10000,11.09,7419,Delivered,165.6,7.46,true,42,2.0.0,2026-09-18T12:00:00Z
20221,2026-08-26T14:00:00Z,T-02,F/S,Parel / Sewri / Lalbaug,12000,4.29,7419,Delivered,193.0,7.12,true,42,2.0.0,2026-09-18T12:00:00Z
20222,2026-08-26T12:00:00Z,T-02,P/S,Goregaon West & East,12000,9.73,7419,Delivered,187.9,7.57,true,42,2.0.0,2026-09-18T12:00:00Z
20223,2026-08-26T14:00:00Z,T-03,B,Sandhurst Road / Dongri,8000,6.7,7419,Delivered,176.3,7.15,true,42,2.0.0,2026-09-18T12:00:00Z
20224,2026-08-27T10:00:00Z,T-08,E,Byculla / Mazgaon / Nagpada,10000,5.25,7419,Delivered,237.7,7.6,true,42,2.0.0,2026-09-18T12:00:00Z
20225,2026-08-27T12:00:00Z,T-07,G/S,Worli / Lower Parel,10000,6.13,7419,Delivered,223.3,7.49,true,42,2.0.0,2026-09-18T12:00:00Z
20226,2026-08-27T17:00:00Z,T-09,L,Kurla / Asalpha / Sakinaka,8000,7.23,7419,Delivered,240.0,7.57,true,42,2.0.0,2026-09-18T12:00:00Z
20227,2026-08-27T10:00:00Z,T-07,G/N,Dharavi / Mahim / Dadar West,10000,4.73,7419,Delivered,229.7,7.62,true,42,2.0.0,2026-09-18T12:00:00Z
20228,2026-08-27T19:00:00Z,T-03,N,Ghatkopar / Pant Nagar,8000,5.51,7419,Delivered,173.0,7.23,true,42,2.0.0,2026-09-18T12:00:00Z
20229,2026-08-27T14:00:00Z,T-05,H/E,Bandra East / Santacruz East,8000,5.64,7419,Delivered,223.9,7.14,true,42,2.0.0,2026-09-18T12:00:00Z
20230,2026-08-27T16:00:00Z,T-08,G/N,Dharavi / Mahim / Dadar West,10000,4.54,7419,Delivered,176.2,7.61,true,42,2.0.0,2026-09-18T12:00:00Z
20231,2026-08-27T15:00:00Z,T-09,S,Bhandup / Kanjurmarg / Powai,8000,1.15,7419,Delivered,164.6,7.35,true,42,2.0.0,2026-09-18T12:00:00Z
20232,2026-08-27T10:00:00Z,T-06,G/N,Dharavi / Mahim / Dadar West,12000,4.36,7419,Delivered,177.0,7.26,true,42,2.0.0,2026-09-18T12:00:00Z
20233,2026-08-27T12:00:00Z,T-02,K/E,Andheri East / Marol,12000,3.17,7419,Delivered,213.2,7.51,true,42,2.0.0,2026-09-18T12:00:00Z
20234,2026-08-27T13:00:00Z,T-05,S,Bhandup / Kanjurmarg / Powai,8000,1.15,7419,Delivered,216.8,7.32,true,42,2.0.0,2026-09-18T12:00:00Z
20235,2026-08-27T18:00:00Z,T-05,M/W,Chembur West / Tilak Nagar,8000,4.38,7419,Delivered,200.7,7.75,true,42,2.0.0,2026-09-18T12:00:00Z
20236,2026-08-27T13:00:00Z,T-04,S,Bhandup / Kanjurmarg / Powai,10000,2.22,7419,Delivered,208.4,7.41,true,42,2.0.0,2026-09-18T12:00:00Z
20237,2026-08-27T11:00:00Z,T-05,P/N,Malad / Marve / Malvani,8000,12.26,7419,Delivered,182.4,7.1,true,42,2.0.0,2026-09-18T12:00:00Z
20238,2026-08-27T08:00:00Z,T-04,A,Colaba / Fort / Nariman Point,10000,8.35,7419,Delivered,199.1,7.74,true,42,2.0.0,2026-09-18T12:00:00Z
20239,2026-08-27T12:00:00Z,T-01,R/N,Dahisar / Mandapeshwar,10000,18.23,7419,Delivered,198.2,7.64,true,42,2.0.0,2026-09-18T12:00:00Z
20240,2026-08-28T15:00:00Z,T-10,L,Kurla / Asalpha / Sakinaka,10000,7.1,7419,Delivered,192.3,7.48,true,42,2.0.0,2026-09-18T12:00:00Z
20241,2026-08-28T11:00:00Z,T-01,P/N,Malad / Marve / Malvani,10000,12.13,7419,Delivered,236.3,7.43,true,42,2.0.0,2026-09-18T12:00:00Z
20242,2026-08-28T17:00:00Z,T-09,A,Colaba / Fort / Nariman Point,8000,8.46,7419,Delivered,213.9,7.44,true,42,2.0.0,2026-09-18T12:00:00Z
20243,2026-08-28T18:00:00Z,T-06,P/S,Goregaon West & East,12000,9.32,7419,Delivered,216.2,7.13,true,42,2.0.0,2026-09-18T12:00:00Z
20244,2026-08-28T15:00:00Z,T-03,R/C,Borivali / Gorai,8000,15.16,7419,Delivered,215.5,7.25,true,42,2.0.0,2026-09-18T12:00:00Z
20245,2026-08-28T15:00:00Z,T-04,C,Marine Lines / Chandanwadi,10000,6.28,7419,Delivered,192.1,7.16,true,42,2.0.0,2026-09-18T12:00:00Z
20246,2026-08-28T13:00:00Z,T-10,R/N,Dahisar / Mandapeshwar,10000,18.59,7419,Delivered,239.2,7.19,true,42,2.0.0,2026-09-18T12:00:00Z
20247,2026-08-28T19:00:00Z,T-02,T,Mulund / Nahur,12000,3.82,7419,Delivered,174.4,7.61,true,42,2.0.0,2026-09-18T12:00:00Z
20248,2026-08-28T14:00:00Z,T-05,L,Kurla / Asalpha / Sakinaka,8000,6.47,7419,Delivered,210.8,7.75,true,42,2.0.0,2026-09-18T12:00:00Z
20249,2026-08-28T14:00:00Z,T-09,K/W,Andheri West / Versova,8000,6.78,7419,Delivered,197.0,7.34,true,42,2.0.0,2026-09-18T12:00:00Z
20250,2026-08-28T09:00:00Z,T-06,H/W,Bandra West / Khar,12000,7.0,7419,Delivered,222.3,7.36,true,42,2.0.0,2026-09-18T12:00:00Z
20251,2026-08-28T19:00:00Z,T-03,G/S,Worli / Lower Parel,8000,4.55,7419,Delivered,210.3,7.46,true,42,2.0.0,2026-09-18T12:00:00Z
20252,2026-08-28T15:00:00Z,T-03,H/W,Bandra West / Khar,8000,6.53,7419,Delivered,186.4,7.38,true,42,2.0.0,2026-09-18T12:00:00Z
20253,2026-08-28T19:00:00Z,T-05,M/W,Chembur West / Tilak Nagar,8000,4.24,7419,Delivered,232.6,7.4,true,42,2.0.0,2026-09-18T12:00:00Z
20254,2026-08-28T17:00:00Z,T-03,R/S,Kandivali West & East,8000,14.36,7419,Delivered,181.6,7.51,true,42,2.0.0,2026-09-18T12:00:00Z
20255,2026-08-28T10:00:00Z,T-03,F/N,Matunga / Sion / Wadala,8000,3.24,7419,Delivered,177.0,7.72,true,42,2.0.0,2026-09-18T12:00:00Z
20256,2026-08-28T09:00:00Z,T-01,P/N,Malad / Marve / Malvani,10000,11.74,7419,Delivered,177.7,7.37,true,42,2.0.0,2026-09-18T12:00:00Z
20257,2026-08-28T13:00:00Z,T-10,L,Kurla / Asalpha / Sakinaka,10000,5.9,7419,Delivered,229.9,7.13,true,42,2.0.0,2026-09-18T12:00:00Z
20258,2026-08-28T15:00:00Z,T-09,F/N,Matunga / Sion / Wadala,8000,3.86,7419,Delivered,201.0,7.76,true,42,2.0.0,2026-09-18T12:00:00Z
20259,2026-08-29T12:00:00Z,T-03,M/E,Govandi / Mankhurd / Shivaji Nagar,8000,5.59,7419,Delivered,206.4,7.68,true,42,2.0.0,2026-09-18T12:00:00Z
20260,2026-08-29T13:00:00Z,T-07,K/W,Andheri West / Versova,10000,6.39,7419,Delivered,240.0,7.22,true,42,2.0.0,2026-09-18T12:00:00Z
20261,2026-08-29T17:00:00Z,T-10,P/N,Malad / Marve / Malvani,10000,12.23,7419,Delivered,228.9,7.71,true,42,2.0.0,2026-09-18T12:00:00Z
20262,2026-08-29T13:00:00Z,T-06,S,Bhandup / Kanjurmarg / Powai,12000,2.12,7419,Delivered,206.4,7.53,true,42,2.0.0,2026-09-18T12:00:00Z
20263,2026-08-29T10:00:00Z,T-03,K/E,Andheri East / Marol,8000,2.93,7419,Delivered,213.2,7.24,true,42,2.0.0,2026-09-18T12:00:00Z
20264,2026-08-29T12:00:00Z,T-06,F/S,Parel / Sewri / Lalbaug,12000,4.03,7419,Delivered,231.7,7.26,true,42,2.0.0,2026-09-18T12:00:00Z
20265,2026-08-29T13:00:00Z,T-01,N,Ghatkopar / Pant Nagar,10000,4.68,7419,Delivered,214.8,7.2,true,42,2.0.0,2026-09-18T12:00:00Z
20266,2026-08-29T14:00:00Z,T-04,G/N,Dharavi / Mahim / Dadar West,10000,4.17,7419,Delivered,226.4,7.11,true,42,2.0.0,2026-09-18T12:00:00Z
20267,2026-08-29T13:00:00Z,T-06,N,Ghatkopar / Pant Nagar,12000,5.22,7419,Delivered,166.0,7.38,true,42,2.0.0,2026-09-18T12:00:00Z
20268,2026-08-29T17:00:00Z,T-06,N,Ghatkopar / Pant Nagar,12000,5.27,7419,Delivered,189.1,7.74,true,42,2.0.0,2026-09-18T12:00:00Z
20269,2026-08-29T08:00:00Z,T-06,G/N,Dharavi / Mahim / Dadar West,12000,4.0,7419,Delivered,197.7,7.55,true,42,2.0.0,2026-09-18T12:00:00Z
20270,2026-08-29T10:00:00Z,T-07,P/N,Malad / Marve / Malvani,10000,12.17,7419,Delivered,183.3,7.61,true,42,2.0.0,2026-09-18T12:00:00Z
20271,2026-08-29T15:00:00Z,T-03,G/N,Dharavi / Mahim / Dadar West,8000,4.31,7419,Delivered,230.4,7.67,true,42,2.0.0,2026-09-18T12:00:00Z
20272,2026-08-29T08:00:00Z,T-02,P/S,Goregaon West & East,12000,10.25,7419,Delivered,207.9,7.3,true,42,2.0.0,2026-09-18T12:00:00Z
20273,2026-08-29T10:00:00Z,T-01,T,Mulund / Nahur,10000,4.21,7419,Delivered,233.0,7.73,true,42,2.0.0,2026-09-18T12:00:00Z
20274,2026-08-30T10:00:00Z,T-04,M/W,Chembur West / Tilak Nagar,10000,3.46,7419,Delivered,165.7,7.75,true,42,2.0.0,2026-09-18T12:00:00Z
20275,2026-08-30T14:00:00Z,T-02,L,Kurla / Asalpha / Sakinaka,12000,6.44,7419,Delivered,186.0,7.48,true,42,2.0.0,2026-09-18T12:00:00Z
20276,2026-08-30T16:00:00Z,T-05,M/E,Govandi / Mankhurd / Shivaji Nagar,8000,5.11,7419,Delivered,224.3,7.59,true,42,2.0.0,2026-09-18T12:00:00Z
20277,2026-08-30T08:00:00Z,T-04,F/S,Parel / Sewri / Lalbaug,10000,3.34,7419,Delivered,192.1,7.77,true,42,2.0.0,2026-09-18T12:00:00Z
20278,2026-08-30T17:00:00Z,T-04,P/N,Malad / Marve / Malvani,10000,12.51,7419,Delivered,236.0,7.2,true,42,2.0.0,2026-09-18T12:00:00Z
20279,2026-08-30T10:00:00Z,T-02,R/N,Dahisar / Mandapeshwar,12000,17.84,7419,Delivered,199.9,7.78,true,42,2.0.0,2026-09-18T12:00:00Z
20280,2026-08-30T15:00:00Z,T-05,L,Kurla / Asalpha / Sakinaka,8000,5.71,7419,Delivered,210.3,7.56,true,42,2.0.0,2026-09-18T12:00:00Z
20281,2026-08-30T14:00:00Z,T-08,K/W,Andheri West / Versova,10000,7.38,7419,Delivered,218.6,7.28,true,42,2.0.0,2026-09-18T12:00:00Z
20282,2026-08-30T08:00:00Z,T-10,D,Malabar Hill / Walkeshwar,10000,7.01,7419,Delivered,200.2,7.38,true,42,2.0.0,2026-09-18T12:00:00Z
20283,2026-08-30T08:00:00Z,T-05,M/W,Chembur West / Tilak Nagar,8000,3.71,7419,Delivered,234.2,7.75,true,42,2.0.0,2026-09-18T12:00:00Z
20284,2026-08-30T10:00:00Z,T-04,N,Ghatkopar / Pant Nagar,10000,4.71,7419,Delivered,191.0,7.74,true,42,2.0.0,2026-09-18T12:00:00Z
20285,2026-08-30T17:00:00Z,T-10,R/S,Kandivali West & East,10000,13.7,7419,Delivered,192.6,7.16,true,42,2.0.0,2026-09-18T12:00:00Z
20286,2026-08-30T13:00:00Z,T-08,C,Marine Lines / Chandanwadi,10000,6.34,7419,Delivered,169.2,7.55,true,42,2.0.0,2026-09-18T12:00:00Z
20287,2026-08-30T15:00:00Z,T-03,S,Bhandup / Kanjurmarg / Powai,8000,1.6,7419,Delivered,170.4,7.11,true,42,2.0.0,2026-09-18T12:00:00Z
20288,2026-08-30T10:00:00Z,T-08,P/N,Malad / Marve / Malvani,10000,12.31,7419,Delivered,187.3,7.48,true,42,2.0.0,2026-09-18T12:00:00Z
20289,2026-08-30T16:00:00Z,T-08,P/N,Malad / Marve / Malvani,10000,12.54,7419,Delivered,220.2,7.16,true,42,2.0.0,2026-09-18T12:00:00Z
20290,2026-08-30T15:00:00Z,T-09,K/E,Andheri East / Marol,8000,2.69,7419,Delivered,213.6,7.76,true,42,2.0.0,2026-09-18T12:00:00Z
20291,2026-08-30T12:00:00Z,T-10,R/N,Dahisar / Mandapeshwar,10000,17.86,7419,Delivered,234.3,7.38,true,42,2.0.0,2026-09-18T12:00:00Z
20292,2026-08-31T18:00:00Z,T-05,S,Bhandup / Kanjurmarg / Powai,8000,1.99,7419,Delivered,233.3,7.49,true,42,2.0.0,2026-09-18T12:00:00Z
20293,2026-08-31T11:00:00Z,T-03,M/E,Govandi / Mankhurd / Shivaji Nagar,8000,5.68,7419,Delivered,209.8,7.28,true,42,2.0.0,2026-09-18T12:00:00Z
20294,2026-08-31T18:00:00Z,T-05,B,Sandhurst Road / Dongri,8000,6.61,7419,Delivered,208.1,7.78,true,42,2.0.0,2026-09-18T12:00:00Z
20295,2026-08-31T18:00:00Z,T-04,G/N,Dharavi / Mahim / Dadar West,10000,4.77,7419,Delivered,203.9,7.74,true,42,2.0.0,2026-09-18T12:00:00Z
20296,2026-08-31T17:00:00Z,T-05,R/S,Kandivali West & East,8000,13.56,7419,Delivered,162.2,7.29,true,42,2.0.0,2026-09-18T12:00:00Z
20297,2026-08-31T16:00:00Z,T-07,F/S,Parel / Sewri / Lalbaug,10000,3.1,7419,Delivered,176.6,7.57,true,42,2.0.0,2026-09-18T12:00:00Z
20298,2026-08-31T11:00:00Z,T-01,G/N,Dharavi / Mahim / Dadar West,10000,3.24,7419,Delivered,211.0,7.52,true,42,2.0.0,2026-09-18T12:00:00Z
20299,2026-08-31T18:00:00Z,T-03,F/N,Matunga / Sion / Wadala,8000,2.93,7419,Delivered,223.9,7.79,true,42,2.0.0,2026-09-18T12:00:00Z
20300,2026-08-31T12:00:00Z,T-08,F/S,Parel / Sewri / Lalbaug,10000,4.4,7419,Delivered,232.9,7.4,true,42,2.0.0,2026-09-18T12:00:00Z
20301,2026-08-31T09:00:00Z,T-03,G/N,Dharavi / Mahim / Dadar West,8000,4.4,7419,Delivered,229.1,7.42,true,42,2.0.0,2026-09-18T12:00:00Z
20302,2026-08-31T08:00:00Z,T-01,M/E,Govandi / Mankhurd / Shivaji Nagar,10000,5.32,7419,Delivered,233.5,7.38,true,42,2.0.0,2026-09-18T12:00:00Z
20303,2026-08-31T15:00:00Z,T-05,P/S,Goregaon West & East,8000,10.21,7419,Delivered,226.6,7.24,true,42,2.0.0,2026-09-18T12:00:00Z
20304,2026-08-31T16:00:00Z,T-10,F/S,Parel / Sewri / Lalbaug,10000,4.68,7419,Delivered,207.2,7.22,true,42,2.0.0,2026-09-18T12:00:00Z
20305,2026-08-31T14:00:00Z,T-08,T,Mulund / Nahur,10000,3.36,7419,Delivered,237.8,7.26,true,42,2.0.0,2026-09-18T12:00:00Z
20306,2026-08-31T18:00:00Z,T-10,S,Bhandup / Kanjurmarg / Powai,10000,0.7,7419,Delivered,203.5,7.54,true,42,2.0.0,2026-09-18T12:00:00Z
20307,2026-08-31T18:00:00Z,T-04,P/S,Goregaon West & East,10000,8.86,7419,Delivered,234.1,7.5,true,42,2.0.0,2026-09-18T12:00:00Z
20308,2026-08-31T11:00:00Z,T-04,B,Sandhurst Road / Dongri,10000,5.31,7419,Delivered,167.8,7.47,true,42,2.0.0,2026-09-18T12:00:00Z
20309,2026-08-31T15:00:00Z,T-03,N,Ghatkopar / Pant Nagar,8000,5.58,7419,Delivered,181.0,7.79,true,42,2.0.0,2026-09-18T12:00:00Z
20310,2026-09-01T08:00:00Z,T-01,G/N,Dharavi / Mahim / Dadar West,10000,3.24,7419,Delivered,195.1,7.71,true,42,2.0.0,2026-09-18T12:00:00Z
20311,2026-09-01T10:00:00Z,T-02,E,Byculla / Mazgaon / Nagpada,12000,4.11,7419,Delivered,229.3,7.38,true,42,2.0.0,2026-09-18T12:00:00Z
20312,2026-09-01T15:00:00Z,T-08,R/C,Borivali / Gorai,10000,15.0,7419,Delivered,201.2,7.75,true,42,2.0.0,2026-09-18T12:00:00Z
20313,2026-09-01T18:00:00Z,T-08,P/N,Malad / Marve / Malvani,10000,12.53,7419,Delivered,188.9,7.37,true,42,2.0.0,2026-09-18T12:00:00Z
20314,2026-09-01T09:00:00Z,T-08,K/E,Andheri East / Marol,10000,3.05,7419,Delivered,198.9,7.26,true,42,2.0.0,2026-09-18T12:00:00Z
20315,2026-09-01T17:00:00Z,T-09,D,Malabar Hill / Walkeshwar,8000,7.32,7419,Delivered,236.8,7.58,true,42,2.0.0,2026-09-18T12:00:00Z
20316,2026-09-01T17:00:00Z,T-09,C,Marine Lines / Chandanwadi,8000,5.88,7419,Delivered,230.8,7.39,true,42,2.0.0,2026-09-18T12:00:00Z
20317,2026-09-01T18:00:00Z,T-02,H/E,Bandra East / Santacruz East,12000,5.97,7419,Delivered,187.5,7.38,true,42,2.0.0,2026-09-18T12:00:00Z
20318,2026-09-01T14:00:00Z,T-08,S,Bhandup / Kanjurmarg / Powai,10000,1.09,7419,Delivered,203.0,7.65,true,42,2.0.0,2026-09-18T12:00:00Z
20319,2026-09-01T08:00:00Z,T-02,S,Bhandup / Kanjurmarg / Powai,12000,1.81,7419,Delivered,172.6,7.37,true,42,2.0.0,2026-09-18T12:00:00Z
20320,2026-09-01T19:00:00Z,T-04,L,Kurla / Asalpha / Sakinaka,10000,5.89,7419,Delivered,195.8,7.52,true,42,2.0.0,2026-09-18T12:00:00Z
20321,2026-09-01T14:00:00Z,T-07,E,Byculla / Mazgaon / Nagpada,10000,5.7,7419,Delivered,214.4,7.34,true,42,2.0.0,2026-09-18T12:00:00Z
20322,2026-09-01T10:00:00Z,T-08,P/N,Malad / Marve / Malvani,10000,11.37,7419,Delivered,170.9,7.36,true,42,2.0.0,2026-09-18T12:00:00Z
20323,2026-09-01T16:00:00Z,T-01,R/C,Borivali / Gorai,10000,15.24,7419,Delivered,200.7,7.25,true,42,2.0.0,2026-09-18T12:00:00Z
20324,2026-09-01T16:00:00Z,T-07,N,Ghatkopar / Pant Nagar,10000,4.51,7419,Delivered,180.8,7.79,true,42,2.0.0,2026-09-18T12:00:00Z
20325,2026-09-01T13:00:00Z,T-06,P/S,Goregaon West & East,12000,8.71,7419,Delivered,174.5,7.35,true,42,2.0.0,2026-09-18T12:00:00Z
20326,2026-09-01T15:00:00Z,T-06,C,Marine Lines / Chandanwadi,12000,6.02,7419,Delivered,239.2,7.44,true,42,2.0.0,2026-09-18T12:00:00Z
20327,2026-09-01T13:00:00Z,T-02,F/N,Matunga / Sion / Wadala,12000,3.54,7419,Delivered,236.6,7.16,true,42,2.0.0,2026-09-18T12:00:00Z
20328,2026-09-02T17:00:00Z,T-06,F/N,Matunga / Sion / Wadala,12000,4.07,7419,Delivered,227.8,7.69,true,42,2.0.0,2026-09-18T12:00:00Z
20329,2026-09-02T18:00:00Z,T-04,R/C,Borivali / Gorai,10000,14.94,7419,Delivered,164.2,7.34,true,42,2.0.0,2026-09-18T12:00:00Z
20330,2026-09-02T13:00:00Z,T-10,F/N,Matunga / Sion / Wadala,10000,3.96,7419,Delivered,217.8,7.78,true,42,2.0.0,2026-09-18T12:00:00Z
20331,2026-09-02T12:00:00Z,T-04,R/N,Dahisar / Mandapeshwar,10000,18.26,7419,Delivered,239.1,7.64,true,42,2.0.0,2026-09-18T12:00:00Z
20332,2026-09-02T11:00:00Z,T-04,M/E,Govandi / Mankhurd / Shivaji Nagar,10000,5.95,7419,Delivered,217.3,7.67,true,42,2.0.0,2026-09-18T12:00:00Z
20333,2026-09-02T17:00:00Z,T-01,K/W,Andheri West / Versova,10000,7.38,7419,Delivered,234.4,7.74,true,42,2.0.0,2026-09-18T12:00:00Z
20334,2026-09-02T12:00:00Z,T-02,M/E,Govandi / Mankhurd / Shivaji Nagar,12000,4.37,7419,Delivered,195.7,7.68,true,42,2.0.0,2026-09-18T12:00:00Z
20335,2026-09-02T18:00:00Z,T-01,S,Bhandup / Kanjurmarg / Powai,10000,1.21,7419,Delivered,200.5,7.68,true,42,2.0.0,2026-09-18T12:00:00Z
20336,2026-09-02T15:00:00Z,T-01,G/N,Dharavi / Mahim / Dadar West,10000,3.72,7419,Delivered,204.4,7.48,true,42,2.0.0,2026-09-18T12:00:00Z
20337,2026-09-02T17:00:00Z,T-03,H/W,Bandra West / Khar,8000,6.47,7419,Delivered,178.0,7.37,true,42,2.0.0,2026-09-18T12:00:00Z
20338,2026-09-02T11:00:00Z,T-05,S,Bhandup / Kanjurmarg / Powai,8000,0.77,7419,Delivered,165.3,7.69,true,42,2.0.0,2026-09-18T12:00:00Z
20339,2026-09-02T09:00:00Z,T-10,E,Byculla / Mazgaon / Nagpada,10000,4.62,7419,Delivered,184.7,7.17,true,42,2.0.0,2026-09-18T12:00:00Z
20340,2026-09-02T08:00:00Z,T-08,H/E,Bandra East / Santacruz East,10000,6.32,7419,Delivered,233.6,7.14,true,42,2.0.0,2026-09-18T12:00:00Z
20341,2026-09-02T08:00:00Z,T-03,L,Kurla / Asalpha / Sakinaka,8000,7.0,7419,Delivered,176.4,7.26,true,42,2.0.0,2026-09-18T12:00:00Z
20342,2026-09-02T18:00:00Z,T-05,G/S,Worli / Lower Parel,8000,5.64,7419,Delivered,173.1,7.37,true,42,2.0.0,2026-09-18T12:00:00Z
20343,2026-09-02T10:00:00Z,T-06,T,Mulund / Nahur,12000,4.23,7419,Delivered,171.4,7.73,true,42,2.0.0,2026-09-18T12:00:00Z
20344,2026-09-02T13:00:00Z,T-01,R/N,Dahisar / Mandapeshwar,10000,17.09,7419,Delivered,188.8,7.11,true,42,2.0.0,2026-09-18T12:00:00Z
20345,2026-09-02T16:00:00Z,T-02,G/N,Dharavi / Mahim / Dadar West,12000,3.68,7419,Delivered,222.5,7.62,true,42,2.0.0,2026-09-18T12:00:00Z
20346,2026-09-03T13:00:00Z,T-07,T,Mulund / Nahur,10000,3.99,7419,Delivered,188.0,7.12,true,42,2.0.0,2026-09-18T12:00:00Z
20347,2026-09-03T18:00:00Z,T-07,K/E,Andheri East / Marol,10000,3.1,7419,Delivered,197.1,7.23,true,42,2.0.0,2026-09-18T12:00:00Z
20348,2026-09-03T08:00:00Z,T-01,R/N,Dahisar / Mandapeshwar,10000,17.95,7419,Delivered,234.1,7.3,true,42,2.0.0,2026-09-18T12:00:00Z
20349,2026-09-03T16:00:00Z,T-08,P/N,Malad / Marve / Malvani,10000,11.83,7419,Delivered,176.4,7.71,true,42,2.0.0,2026-09-18T12:00:00Z
20350,2026-09-03T14:00:00Z,T-02,F/N,Matunga / Sion / Wadala,12000,3.6,7419,Delivered,184.6,7.62,true,42,2.0.0,2026-09-18T12:00:00Z
20351,2026-09-03T15:00:00Z,T-05,T,Mulund / Nahur,8000,3.93,7419,Delivered,196.8,7.41,true,42,2.0.0,2026-09-18T12:00:00Z
20352,2026-09-03T17:00:00Z,T-08,R/C,Borivali / Gorai,10000,15.44,7419,Delivered,173.1,7.58,true,42,2.0.0,2026-09-18T12:00:00Z
20353,2026-09-03T11:00:00Z,T-04,G/N,Dharavi / Mahim / Dadar West,10000,3.34,7419,Delivered,190.6,7.27,true,42,2.0.0,2026-09-18T12:00:00Z
20354,2026-09-03T10:00:00Z,T-10,F/N,Matunga / Sion / Wadala,10000,3.92,7419,Delivered,174.1,7.28,true,42,2.0.0,2026-09-18T12:00:00Z
20355,2026-09-03T12:00:00Z,T-04,G/N,Dharavi / Mahim / Dadar West,10000,4.7,7419,Delivered,190.4,7.64,true,42,2.0.0,2026-09-18T12:00:00Z
20356,2026-09-03T12:00:00Z,T-04,K/E,Andheri East / Marol,10000,3.7,7419,Delivered,162.1,7.71,true,42,2.0.0,2026-09-18T12:00:00Z
20357,2026-09-03T09:00:00Z,T-05,K/E,Andheri East / Marol,8000,3.84,7419,Delivered,187.2,7.78,true,42,2.0.0,2026-09-18T12:00:00Z
20358,2026-09-03T11:00:00Z,T-04,H/W,Bandra West / Khar,10000,6.88,7419,Delivered,225.0,7.24,true,42,2.0.0,2026-09-18T12:00:00Z
20359,2026-09-03T15:00:00Z,T-03,K/W,Andheri West / Versova,8000,6.45,7419,Delivered,200.0,7.62,true,42,2.0.0,2026-09-18T12:00:00Z
20360,2026-09-03T09:00:00Z,T-02,K/W,Andheri West / Versova,12000,6.56,7419,Delivered,193.2,7.27,true,42,2.0.0,2026-09-18T12:00:00Z
20361,2026-09-03T10:00:00Z,T-07,F/N,Matunga / Sion / Wadala,10000,3.72,7419,Delivered,176.6,7.13,true,42,2.0.0,2026-09-18T12:00:00Z
20362,2026-09-03T13:00:00Z,T-04,T,Mulund / Nahur,10000,4.55,7419,Delivered,188.0,7.1,true,42,2.0.0,2026-09-18T12:00:00Z
20363,2026-09-04T18:00:00Z,T-01,M/W,Chembur West / Tilak Nagar,10000,4.69,7419,Delivered,194.8,7.35,true,42,2.0.0,2026-09-18T12:00:00Z
20364,2026-09-04T15:00:00Z,T-06,S,Bhandup / Kanjurmarg / Powai,12000,1.65,7419,Delivered,182.2,7.33,true,42,2.0.0,2026-09-18T12:00:00Z
20365,2026-09-04T08:00:00Z,T-01,R/N,Dahisar / Mandapeshwar,10000,17.59,7419,Delivered,238.0,7.28,true,42,2.0.0,2026-09-18T12:00:00Z
20366,2026-09-04T13:00:00Z,T-07,F/N,Matunga / Sion / Wadala,10000,3.88,7419,Delivered,224.7,7.44,true,42,2.0.0,2026-09-18T12:00:00Z
20367,2026-09-04T12:00:00Z,T-01,K/W,Andheri West / Versova,10000,6.43,7419,Delivered,208.0,7.61,true,42,2.0.0,2026-09-18T12:00:00Z
20368,2026-09-04T11:00:00Z,T-07,R/S,Kandivali West & East,10000,14.25,7419,Delivered,169.4,7.33,true,42,2.0.0,2026-09-18T12:00:00Z
20369,2026-09-04T12:00:00Z,T-01,R/N,Dahisar / Mandapeshwar,10000,17.96,7419,Delivered,196.0,7.32,true,42,2.0.0,2026-09-18T12:00:00Z
20370,2026-09-04T08:00:00Z,T-05,M/E,Govandi / Mankhurd / Shivaji Nagar,8000,4.71,7419,Delivered,169.3,7.18,true,42,2.0.0,2026-09-18T12:00:00Z
20371,2026-09-04T15:00:00Z,T-04,M/W,Chembur West / Tilak Nagar,10000,3.38,7419,Delivered,207.5,7.2,true,42,2.0.0,2026-09-18T12:00:00Z
20372,2026-09-04T12:00:00Z,T-03,D,Malabar Hill / Walkeshwar,8000,7.19,7419,Delivered,162.7,7.34,true,42,2.0.0,2026-09-18T12:00:00Z
20373,2026-09-04T16:00:00Z,T-02,P/N,Malad / Marve / Malvani,12000,12.54,7419,Delivered,194.0,7.11,true,42,2.0.0,2026-09-18T12:00:00Z
20374,2026-09-04T14:00:00Z,T-04,T,Mulund / Nahur,10000,3.68,7419,Delivered,234.3,7.73,true,42,2.0.0,2026-09-18T12:00:00Z
20375,2026-09-04T09:00:00Z,T-07,G/N,Dharavi / Mahim / Dadar West,10000,3.63,7419,Delivered,208.7,7.52,true,42,2.0.0,2026-09-18T12:00:00Z
20376,2026-09-04T11:00:00Z,T-06,C,Marine Lines / Chandanwadi,12000,6.02,7419,Delivered,224.3,7.68,true,42,2.0.0,2026-09-18T12:00:00Z
20377,2026-09-04T09:00:00Z,T-01,P/N,Malad / Marve / Malvani,10000,11.27,7419,Delivered,233.6,7.35,true,42,2.0.0,2026-09-18T12:00:00Z
20378,2026-09-05T19:00:00Z,T-09,K/E,Andheri East / Marol,8000,3.84,7419,Delivered,195.3,7.62,true,42,2.0.0,2026-09-18T12:00:00Z
20379,2026-09-05T08:00:00Z,T-05,S,Bhandup / Kanjurmarg / Powai,8000,0.79,7419,Delivered,176.7,7.61,true,42,2.0.0,2026-09-18T12:00:00Z
20380,2026-09-05T19:00:00Z,T-02,H/E,Bandra East / Santacruz East,12000,5.07,7419,Delivered,209.8,7.66,true,42,2.0.0,2026-09-18T12:00:00Z
20381,2026-09-05T15:00:00Z,T-05,R/S,Kandivali West & East,8000,13.03,7419,Delivered,161.3,7.45,true,42,2.0.0,2026-09-18T12:00:00Z
20382,2026-09-05T12:00:00Z,T-10,P/N,Malad / Marve / Malvani,10000,12.25,7419,Delivered,168.2,7.74,true,42,2.0.0,2026-09-18T12:00:00Z
20383,2026-09-05T11:00:00Z,T-07,M/E,Govandi / Mankhurd / Shivaji Nagar,10000,4.95,7419,Delivered,213.4,7.17,true,42,2.0.0,2026-09-18T12:00:00Z
20384,2026-09-05T15:00:00Z,T-07,H/W,Bandra West / Khar,10000,7.18,7419,Delivered,200.8,7.54,true,42,2.0.0,2026-09-18T12:00:00Z
20385,2026-09-05T12:00:00Z,T-10,M/W,Chembur West / Tilak Nagar,10000,4.3,7419,Delivered,228.7,7.53,true,42,2.0.0,2026-09-18T12:00:00Z
20386,2026-09-05T18:00:00Z,T-06,L,Kurla / Asalpha / Sakinaka,12000,6.07,7419,Delivered,173.2,7.8,true,42,2.0.0,2026-09-18T12:00:00Z
20387,2026-09-05T19:00:00Z,T-10,P/N,Malad / Marve / Malvani,10000,11.86,7419,Delivered,226.2,7.14,true,42,2.0.0,2026-09-18T12:00:00Z
20388,2026-09-05T19:00:00Z,T-02,N,Ghatkopar / Pant Nagar,12000,4.73,7419,Delivered,187.5,7.2,true,42,2.0.0,2026-09-18T12:00:00Z
20389,2026-09-05T12:00:00Z,T-01,H/W,Bandra West / Khar,10000,7.73,7419,Delivered,232.5,7.75,true,42,2.0.0,2026-09-18T12:00:00Z
20390,2026-09-05T13:00:00Z,T-07,K/W,Andheri West / Versova,10000,7.51,7419,Delivered,201.6,7.29,true,42,2.0.0,2026-09-18T12:00:00Z
20391,2026-09-05T13:00:00Z,T-04,S,Bhandup / Kanjurmarg / Powai,10000,1.49,7419,Delivered,222.5,7.44,true,42,2.0.0,2026-09-18T12:00:00Z
20392,2026-09-05T11:00:00Z,T-04,P/N,Malad / Marve / Malvani,10000,12.35,7419,Delivered,193.4,7.41,true,42,2.0.0,2026-09-18T12:00:00Z
20393,2026-09-05T11:00:00Z,T-01,K/W,Andheri West / Versova,10000,6.97,7419,Delivered,210.6,7.27,true,42,2.0.0,2026-09-18T12:00:00Z
20394,2026-09-05T08:00:00Z,T-09,H/W,Bandra West / Khar,8000,7.52,7419,Delivered,169.1,7.55,true,42,2.0.0,2026-09-18T12:00:00Z
20395,2026-09-05T14:00:00Z,T-06,H/E,Bandra East / Santacruz East,12000,6.06,7419,Delivered,223.7,7.34,true,42,2.0.0,2026-09-18T12:00:00Z
20396,2026-09-05T15:00:00Z,T-05,G/S,Worli / Lower Parel,8000,5.46,7419,Delivered,172.1,7.3,true,42,2.0.0,2026-09-18T12:00:00Z
20397,2026-09-06T18:00:00Z,T-06,M/E,Govandi / Mankhurd / Shivaji Nagar,12000,5.86,7419,Delivered,186.3,7.59,true,42,2.0.0,2026-09-18T12:00:00Z
20398,2026-09-06T09:00:00Z,T-01,R/S,Kandivali West & East,10000,14.55,7419,Delivered,204.4,7.35,true,42,2.0.0,2026-09-18T12:00:00Z
20399,2026-09-06T17:00:00Z,T-02,R/C,Borivali / Gorai,12000,14.9,7419,Delivered,213.3,7.57,true,42,2.0.0,2026-09-18T12:00:00Z
20400,2026-09-06T17:00:00Z,T-10,F/N,Matunga / Sion / Wadala,10000,3.38,7419,Delivered,236.8,7.5,true,42,2.0.0,2026-09-18T12:00:00Z
20401,2026-09-06T14:00:00Z,T-05,A,Colaba / Fort / Nariman Point,8000,7.79,7419,Delivered,191.8,7.63,true,42,2.0.0,2026-09-18T12:00:00Z
20402,2026-09-06T16:00:00Z,T-04,C,Marine Lines / Chandanwadi,10000,6.61,7419,Delivered,185.0,7.38,true,42,2.0.0,2026-09-18T12:00:00Z
20403,2026-09-06T09:00:00Z,T-07,B,Sandhurst Road / Dongri,10000,5.32,7419,Delivered,203.7,7.38,true,42,2.0.0,2026-09-18T12:00:00Z
20404,2026-09-06T09:00:00Z,T-04,F/N,Matunga / Sion / Wadala,10000,3.78,7419,Delivered,162.5,7.78,true,42,2.0.0,2026-09-18T12:00:00Z
20405,2026-09-06T18:00:00Z,T-02,G/N,Dharavi / Mahim / Dadar West,12000,4.58,7419,Delivered,186.3,7.15,true,42,2.0.0,2026-09-18T12:00:00Z
20406,2026-09-06T11:00:00Z,T-02,E,Byculla / Mazgaon / Nagpada,12000,5.23,7419,Delivered,179.1,7.6,true,42,2.0.0,2026-09-18T12:00:00Z
20407,2026-09-06T16:00:00Z,T-03,K/W,Andheri West / Versova,8000,7.02,7419,Delivered,225.5,7.55,true,42,2.0.0,2026-09-18T12:00:00Z
20408,2026-09-06T09:00:00Z,T-08,E,Byculla / Mazgaon / Nagpada,10000,4.65,7419,Delivered,216.4,7.57,true,42,2.0.0,2026-09-18T12:00:00Z
20409,2026-09-06T12:00:00Z,T-02,L,Kurla / Asalpha / Sakinaka,12000,6.88,7419,Delivered,227.9,7.69,true,42,2.0.0,2026-09-18T12:00:00Z
20410,2026-09-06T15:00:00Z,T-07,P/N,Malad / Marve / Malvani,10000,11.44,7419,Delivered,220.4,7.39,true,42,2.0.0,2026-09-18T12:00:00Z
20411,2026-09-06T16:00:00Z,T-08,F/N,Matunga / Sion / Wadala,10000,2.71,7419,Delivered,208.3,7.52,true,42,2.0.0,2026-09-18T12:00:00Z
20412,2026-09-06T15:00:00Z,T-10,P/N,Malad / Marve / Malvani,10000,12.28,7419,Delivered,199.0,7.63,true,42,2.0.0,2026-09-18T12:00:00Z
20413,2026-09-07T17:00:00Z,T-07,S,Bhandup / Kanjurmarg / Powai,10000,1.68,7419,Delivered,200.9,7.55,true,42,2.0.0,2026-09-18T12:00:00Z
20414,2026-09-07T15:00:00Z,T-07,G/N,Dharavi / Mahim / Dadar West,10000,3.67,7419,Delivered,178.0,7.64,true,42,2.0.0,2026-09-18T12:00:00Z
20415,2026-09-07T19:00:00Z,T-10,P/N,Malad / Marve / Malvani,10000,11.61,7419,Delivered,183.7,7.14,true,42,2.0.0,2026-09-18T12:00:00Z
20416,2026-09-07T15:00:00Z,T-10,M/E,Govandi / Mankhurd / Shivaji Nagar,10000,4.31,7419,Delivered,186.2,7.32,true,42,2.0.0,2026-09-18T12:00:00Z
20417,2026-09-07T17:00:00Z,T-01,S,Bhandup / Kanjurmarg / Powai,10000,0.81,7419,Delivered,165.7,7.23,true,42,2.0.0,2026-09-18T12:00:00Z
20418,2026-09-07T16:00:00Z,T-03,F/N,Matunga / Sion / Wadala,8000,3.32,7419,Delivered,233.8,7.28,true,42,2.0.0,2026-09-18T12:00:00Z
20419,2026-09-07T17:00:00Z,T-02,L,Kurla / Asalpha / Sakinaka,12000,6.53,7419,Delivered,163.8,7.65,true,42,2.0.0,2026-09-18T12:00:00Z
20420,2026-09-07T09:00:00Z,T-07,R/C,Borivali / Gorai,10000,16.3,7419,Delivered,206.7,7.58,true,42,2.0.0,2026-09-18T12:00:00Z
20421,2026-09-07T16:00:00Z,T-10,S,Bhandup / Kanjurmarg / Powai,10000,1.64,7419,Delivered,186.0,7.11,true,42,2.0.0,2026-09-18T12:00:00Z
20422,2026-09-07T19:00:00Z,T-09,M/W,Chembur West / Tilak Nagar,8000,4.68,7419,Delivered,175.0,7.67,true,42,2.0.0,2026-09-18T12:00:00Z
20423,2026-09-07T16:00:00Z,T-06,M/E,Govandi / Mankhurd / Shivaji Nagar,12000,4.97,7419,Delivered,186.5,7.4,true,42,2.0.0,2026-09-18T12:00:00Z
20424,2026-09-07T11:00:00Z,T-06,P/N,Malad / Marve / Malvani,12000,12.27,7419,Delivered,178.2,7.62,true,42,2.0.0,2026-09-18T12:00:00Z
20425,2026-09-07T09:00:00Z,T-02,R/C,Borivali / Gorai,12000,16.2,7419,Delivered,223.1,7.66,true,42,2.0.0,2026-09-18T12:00:00Z
20426,2026-09-07T08:00:00Z,T-01,E,Byculla / Mazgaon / Nagpada,10000,5.79,7419,Delivered,174.3,7.15,true,42,2.0.0,2026-09-18T12:00:00Z
20427,2026-09-07T16:00:00Z,T-06,R/C,Borivali / Gorai,12000,15.73,7419,Delivered,191.3,7.33,true,42,2.0.0,2026-09-18T12:00:00Z
20428,2026-09-07T12:00:00Z,T-03,G/S,Worli / Lower Parel,8000,4.82,7419,Delivered,213.4,7.65,true,42,2.0.0,2026-09-18T12:00:00Z
20429,2026-09-08T17:00:00Z,T-04,P/N,Malad / Marve / Malvani,10000,12.4,7419,Delivered,208.8,7.68,true,42,2.0.0,2026-09-18T12:00:00Z
20430,2026-09-08T08:00:00Z,T-03,H/E,Bandra East / Santacruz East,8000,5.79,7419,Delivered,206.2,7.17,true,42,2.0.0,2026-09-18T12:00:00Z
20431,2026-09-08T14:00:00Z,T-03,T,Mulund / Nahur,8000,3.51,7419,Delivered,200.1,7.3,true,42,2.0.0,2026-09-18T12:00:00Z
20432,2026-09-08T18:00:00Z,T-09,M/W,Chembur West / Tilak Nagar,8000,4.24,7419,Delivered,235.5,7.57,true,42,2.0.0,2026-09-18T12:00:00Z
20433,2026-09-08T11:00:00Z,T-01,R/S,Kandivali West & East,10000,14.63,7419,Delivered,161.9,7.54,true,42,2.0.0,2026-09-18T12:00:00Z
20434,2026-09-08T09:00:00Z,T-09,E,Byculla / Mazgaon / Nagpada,8000,5.19,7419,Delivered,235.0,7.57,true,42,2.0.0,2026-09-18T12:00:00Z
20435,2026-09-08T08:00:00Z,T-10,N,Ghatkopar / Pant Nagar,10000,5.54,7419,Delivered,178.6,7.16,true,42,2.0.0,2026-09-18T12:00:00Z
20436,2026-09-08T16:00:00Z,T-01,N,Ghatkopar / Pant Nagar,10000,4.08,7419,Delivered,182.4,7.33,true,42,2.0.0,2026-09-18T12:00:00Z
20437,2026-09-08T16:00:00Z,T-03,K/E,Andheri East / Marol,8000,3.13,7419,Delivered,224.5,7.29,true,42,2.0.0,2026-09-18T12:00:00Z
20438,2026-09-08T16:00:00Z,T-03,H/E,Bandra East / Santacruz East,8000,5.61,7419,Delivered,204.5,7.59,true,42,2.0.0,2026-09-18T12:00:00Z
20439,2026-09-08T19:00:00Z,T-09,P/N,Malad / Marve / Malvani,8000,11.08,7419,Delivered,194.3,7.48,true,42,2.0.0,2026-09-18T12:00:00Z
20440,2026-09-08T10:00:00Z,T-08,G/S,Worli / Lower Parel,10000,5.86,7419,Delivered,199.5,7.42,true,42,2.0.0,2026-09-18T12:00:00Z
20441,2026-09-08T08:00:00Z,T-02,P/S,Goregaon West & East,12000,9.71,7419,Delivered,231.3,7.45,true,42,2.0.0,2026-09-18T12:00:00Z
20442,2026-09-08T09:00:00Z,T-06,L,Kurla / Asalpha / Sakinaka,12000,5.97,7419,Delivered,235.1,7.66,true,42,2.0.0,2026-09-18T12:00:00Z
20443,2026-09-08T17:00:00Z,T-04,F/S,Parel / Sewri / Lalbaug,10000,3.26,7419,Delivered,216.2,7.59,true,42,2.0.0,2026-09-18T12:00:00Z
20444,2026-09-09T09:00:00Z,T-03,N,Ghatkopar / Pant Nagar,8000,5.53,7419,Delivered,168.8,7.72,true,42,2.0.0,2026-09-18T12:00:00Z
20445,2026-09-09T17:00:00Z,T-07,B,Sandhurst Road / Dongri,10000,5.11,7419,Delivered,177.7,7.58,true,42,2.0.0,2026-09-18T12:00:00Z
20446,2026-09-09T12:00:00Z,T-10,F/N,Matunga / Sion / Wadala,10000,4.0,7419,Delivered,162.3,7.41,true,42,2.0.0,2026-09-18T12:00:00Z
20447,2026-09-09T18:00:00Z,T-01,C,Marine Lines / Chandanwadi,10000,7.05,7419,Delivered,192.7,7.34,true,42,2.0.0,2026-09-18T12:00:00Z
20448,2026-09-09T11:00:00Z,T-05,G/N,Dharavi / Mahim / Dadar West,8000,3.67,7419,Delivered,227.7,7.74,true,42,2.0.0,2026-09-18T12:00:00Z
20449,2026-09-09T19:00:00Z,T-04,M/E,Govandi / Mankhurd / Shivaji Nagar,10000,5.39,7419,Delivered,198.8,7.31,true,42,2.0.0,2026-09-18T12:00:00Z
20450,2026-09-09T10:00:00Z,T-01,P/N,Malad / Marve / Malvani,10000,11.79,7419,Delivered,161.4,7.62,true,42,2.0.0,2026-09-18T12:00:00Z
20451,2026-09-09T19:00:00Z,T-03,F/N,Matunga / Sion / Wadala,8000,3.6,7419,Delivered,176.9,7.72,true,42,2.0.0,2026-09-18T12:00:00Z
20452,2026-09-09T08:00:00Z,T-05,T,Mulund / Nahur,8000,3.71,7419,Delivered,194.6,7.27,true,42,2.0.0,2026-09-18T12:00:00Z
20453,2026-09-09T14:00:00Z,T-09,P/S,Goregaon West & East,8000,9.41,7419,Delivered,171.6,7.29,true,42,2.0.0,2026-09-18T12:00:00Z
20454,2026-09-09T15:00:00Z,T-06,M/E,Govandi / Mankhurd / Shivaji Nagar,12000,5.29,7419,Delivered,236.5,7.22,true,42,2.0.0,2026-09-18T12:00:00Z
20455,2026-09-09T18:00:00Z,T-04,M/E,Govandi / Mankhurd / Shivaji Nagar,10000,4.57,7419,Delivered,215.6,7.1,true,42,2.0.0,2026-09-18T12:00:00Z
20456,2026-09-09T14:00:00Z,T-03,A,Colaba / Fort / Nariman Point,8000,8.23,7419,Delivered,233.7,7.54,true,42,2.0.0,2026-09-18T12:00:00Z
20457,2026-09-09T11:00:00Z,T-09,D,Malabar Hill / Walkeshwar,8000,7.99,7419,Delivered,174.4,7.35,true,42,2.0.0,2026-09-18T12:00:00Z
20458,2026-09-09T19:00:00Z,T-03,H/W,Bandra West / Khar,8000,6.66,7419,Delivered,164.8,7.2,true,42,2.0.0,2026-09-18T12:00:00Z
20459,2026-09-09T12:00:00Z,T-04,H/E,Bandra East / Santacruz East,10000,5.82,7419,Delivered,225.1,7.11,true,42,2.0.0,2026-09-18T12:00:00Z
20460,2026-09-09T19:00:00Z,T-05,F/S,Parel / Sewri / Lalbaug,8000,4.39,7419,Delivered,220.6,7.73,true,42,2.0.0,2026-09-18T12:00:00Z
20461,2026-09-09T15:00:00Z,T-06,G/N,Dharavi / Mahim / Dadar West,12000,4.65,7419,Delivered,217.5,7.17,true,42,2.0.0,2026-09-18T12:00:00Z
20462,2026-09-09T16:00:00Z,T-06,M/W,Chembur West / Tilak Nagar,12000,3.77,7419,Delivered,210.6,7.69,true,42,2.0.0,2026-09-18T12:00:00Z
20463,2026-09-10T14:00:00Z,T-01,L,Kurla / Asalpha / Sakinaka,10000,6.63,7419,Delivered,207.0,7.38,true,42,2.0.0,2026-09-18T12:00:00Z
20464,2026-09-10T16:00:00Z,T-02,S,Bhandup / Kanjurmarg / Powai,12000,2.19,7419,Delivered,223.3,7.66,true,42,2.0.0,2026-09-18T12:00:00Z
20465,2026-09-10T14:00:00Z,T-04,L,Kurla / Asalpha / Sakinaka,10000,6.93,7419,Delivered,165.5,7.46,true,42,2.0.0,2026-09-18T12:00:00Z
20466,2026-09-10T08:00:00Z,T-04,N,Ghatkopar / Pant Nagar,10000,5.17,7419,Delivered,193.5,7.39,true,42,2.0.0,2026-09-18T12:00:00Z
20467,2026-09-10T09:00:00Z,T-01,F/N,Matunga / Sion / Wadala,10000,3.46,7419,Delivered,229.1,7.73,true,42,2.0.0,2026-09-18T12:00:00Z
20468,2026-09-10T19:00:00Z,T-03,G/N,Dharavi / Mahim / Dadar West,8000,3.6,7419,Delivered,197.0,7.55,true,42,2.0.0,2026-09-18T12:00:00Z
20469,2026-09-10T16:00:00Z,T-06,R/N,Dahisar / Mandapeshwar,12000,17.84,7419,Delivered,204.5,7.77,true,42,2.0.0,2026-09-18T12:00:00Z
20470,2026-09-10T10:00:00Z,T-09,E,Byculla / Mazgaon / Nagpada,8000,5.31,7419,Delivered,171.2,7.75,true,42,2.0.0,2026-09-18T12:00:00Z
20471,2026-09-10T18:00:00Z,T-10,R/N,Dahisar / Mandapeshwar,10000,17.22,7419,Delivered,171.2,7.58,true,42,2.0.0,2026-09-18T12:00:00Z
20472,2026-09-10T09:00:00Z,T-01,G/N,Dharavi / Mahim / Dadar West,10000,3.78,7419,Delivered,160.4,7.61,true,42,2.0.0,2026-09-18T12:00:00Z
20473,2026-09-10T14:00:00Z,T-08,G/N,Dharavi / Mahim / Dadar West,10000,4.02,7419,Delivered,164.3,7.15,true,42,2.0.0,2026-09-18T12:00:00Z
20474,2026-09-10T13:00:00Z,T-01,N,Ghatkopar / Pant Nagar,10000,4.58,7419,Delivered,209.7,7.37,true,42,2.0.0,2026-09-18T12:00:00Z
20475,2026-09-10T15:00:00Z,T-10,H/E,Bandra East / Santacruz East,10000,6.12,7419,Delivered,206.3,7.21,true,42,2.0.0,2026-09-18T12:00:00Z
20476,2026-09-10T16:00:00Z,T-03,R/N,Dahisar / Mandapeshwar,8000,17.11,7419,Delivered,208.8,7.65,true,42,2.0.0,2026-09-18T12:00:00Z
20477,2026-09-10T09:00:00Z,T-04,B,Sandhurst Road / Dongri,10000,5.81,7419,Delivered,219.0,7.73,true,42,2.0.0,2026-09-18T12:00:00Z
20478,2026-09-10T19:00:00Z,T-09,M/W,Chembur West / Tilak Nagar,8000,4.5,7419,Delivered,180.1,7.3,true,42,2.0.0,2026-09-18T12:00:00Z
20479,2026-09-10T18:00:00Z,T-10,S,Bhandup / Kanjurmarg / Powai,10000,2.1,7419,Delivered,164.0,7.25,true,42,2.0.0,2026-09-18T12:00:00Z
20480,2026-09-10T10:00:00Z,T-04,N,Ghatkopar / Pant Nagar,10000,4.14,7419,Delivered,187.5,7.79,true,42,2.0.0,2026-09-18T12:00:00Z
20481,2026-09-11T11:00:00Z,T-08,K/W,Andheri West / Versova,10000,6.72,7419,Delivered,214.4,7.12,true,42,2.0.0,2026-09-18T12:00:00Z
20482,2026-09-11T09:00:00Z,T-02,S,Bhandup / Kanjurmarg / Powai,12000,0.84,7419,Delivered,232.5,7.24,true,42,2.0.0,2026-09-18T12:00:00Z
20483,2026-09-11T12:00:00Z,T-10,L,Kurla / Asalpha / Sakinaka,10000,7.28,7419,Delivered,208.3,7.63,true,42,2.0.0,2026-09-18T12:00:00Z
20484,2026-09-11T10:00:00Z,T-02,H/E,Bandra East / Santacruz East,12000,5.89,7419,Delivered,208.0,7.63,true,42,2.0.0,2026-09-18T12:00:00Z
20485,2026-09-11T11:00:00Z,T-09,R/N,Dahisar / Mandapeshwar,8000,17.2,7419,Delivered,229.3,7.28,true,42,2.0.0,2026-09-18T12:00:00Z
20486,2026-09-11T11:00:00Z,T-07,D,Malabar Hill / Walkeshwar,10000,6.5,7419,Delivered,185.3,7.5,true,42,2.0.0,2026-09-18T12:00:00Z
20487,2026-09-11T19:00:00Z,T-04,S,Bhandup / Kanjurmarg / Powai,10000,1.86,7419,Delivered,177.1,7.48,true,42,2.0.0,2026-09-18T12:00:00Z
20488,2026-09-11T08:00:00Z,T-09,R/N,Dahisar / Mandapeshwar,8000,17.67,7419,Delivered,234.0,7.13,true,42,2.0.0,2026-09-18T12:00:00Z
20489,2026-09-11T08:00:00Z,T-09,T,Mulund / Nahur,8000,3.62,7419,Delivered,160.9,7.58,true,42,2.0.0,2026-09-18T12:00:00Z
20490,2026-09-11T14:00:00Z,T-08,H/E,Bandra East / Santacruz East,10000,5.17,7419,Delivered,221.5,7.23,true,42,2.0.0,2026-09-18T12:00:00Z
20491,2026-09-11T09:00:00Z,T-02,K/E,Andheri East / Marol,12000,3.59,7419,Delivered,203.8,7.47,true,42,2.0.0,2026-09-18T12:00:00Z
20492,2026-09-11T18:00:00Z,T-10,L,Kurla / Asalpha / Sakinaka,10000,5.95,7419,Delivered,166.7,7.18,true,42,2.0.0,2026-09-18T12:00:00Z
20493,2026-09-11T08:00:00Z,T-05,M/W,Chembur West / Tilak Nagar,8000,3.55,7419,Delivered,229.4,7.19,true,42,2.0.0,2026-09-18T12:00:00Z
20494,2026-09-11T12:00:00Z,T-02,R/C,Borivali / Gorai,12000,15.68,7419,Delivered,161.9,7.1,true,42,2.0.0,2026-09-18T12:00:00Z
20495,2026-09-11T19:00:00Z,T-05,E,Byculla / Mazgaon / Nagpada,8000,4.22,7419,Delivered,187.5,7.45,true,42,2.0.0,2026-09-18T12:00:00Z
20496,2026-09-12T09:00:00Z,T-09,P/S,Goregaon West & East,8000,9.6,7419,Delivered,208.2,7.67,true,42,2.0.0,2026-09-18T12:00:00Z
20497,2026-09-12T12:00:00Z,T-10,G/S,Worli / Lower Parel,10000,5.31,7419,Delivered,196.6,7.56,true,42,2.0.0,2026-09-18T12:00:00Z
20498,2026-09-12T15:00:00Z,T-05,M/E,Govandi / Mankhurd / Shivaji Nagar,8000,5.97,7419,Delivered,235.4,7.3,true,42,2.0.0,2026-09-18T12:00:00Z
20499,2026-09-12T14:00:00Z,T-02,R/N,Dahisar / Mandapeshwar,12000,18.56,7419,Delivered,206.9,7.11,true,42,2.0.0,2026-09-18T12:00:00Z
20500,2026-09-12T16:00:00Z,T-08,G/N,Dharavi / Mahim / Dadar West,10000,4.24,7419,Delivered,207.0,7.55,true,42,2.0.0,2026-09-18T12:00:00Z
20501,2026-09-12T10:00:00Z,T-07,N,Ghatkopar / Pant Nagar,10000,5.05,7419,Delivered,184.0,7.23,true,42,2.0.0,2026-09-18T12:00:00Z
20502,2026-09-12T10:00:00Z,T-10,F/S,Parel / Sewri / Lalbaug,10000,3.89,7419,Delivered,212.9,7.46,true,42,2.0.0,2026-09-18T12:00:00Z
20503,2026-09-12T18:00:00Z,T-06,N,Ghatkopar / Pant Nagar,12000,4.16,7419,Delivered,175.8,7.11,true,42,2.0.0,2026-09-18T12:00:00Z
20504,2026-09-12T17:00:00Z,T-06,T,Mulund / Nahur,12000,4.19,7419,Delivered,217.2,7.68,true,42,2.0.0,2026-09-18T12:00:00Z
20505,2026-09-12T19:00:00Z,T-01,R/S,Kandivali West & East,10000,13.43,7419,Delivered,168.1,7.51,true,42,2.0.0,2026-09-18T12:00:00Z
20506,2026-09-12T17:00:00Z,T-04,P/S,Goregaon West & East,10000,9.22,7419,Delivered,217.6,7.41,true,42,2.0.0,2026-09-18T12:00:00Z
20507,2026-09-12T11:00:00Z,T-05,F/S,Parel / Sewri / Lalbaug,8000,4.08,7419,Delivered,182.7,7.33,true,42,2.0.0,2026-09-18T12:00:00Z
20508,2026-09-12T14:00:00Z,T-09,S,Bhandup / Kanjurmarg / Powai,8000,0.97,7419,Delivered,208.8,7.58,true,42,2.0.0,2026-09-18T12:00:00Z
20509,2026-09-12T08:00:00Z,T-05,P/S,Goregaon West & East,8000,9.68,7419,Delivered,186.6,7.34,true,42,2.0.0,2026-09-18T12:00:00Z
20510,2026-09-12T11:00:00Z,T-09,K/E,Andheri East / Marol,8000,3.68,7419,Delivered,197.5,7.8,true,42,2.0.0,2026-09-18T12:00:00Z
20511,2026-09-12T12:00:00Z,T-03,R/C,Borivali / Gorai,8000,15.63,7419,Delivered,221.0,7.72,true,42,2.0.0,2026-09-18T12:00:00Z
20512,2026-09-12T14:00:00Z,T-09,N,Ghatkopar / Pant Nagar,8000,5.6,7419,Delivered,234.7,7.8,true,42,2.0.0,2026-09-18T12:00:00Z
20513,2026-09-13T15:00:00Z,T-02,M/E,Govandi / Mankhurd / Shivaji Nagar,12000,5.55,7419,Delivered,165.8,7.36,true,42,2.0.0,2026-09-18T12:00:00Z
20514,2026-09-13T13:00:00Z,T-05,M/W,Chembur West / Tilak Nagar,8000,4.54,7419,Delivered,178.4,7.69,true,42,2.0.0,2026-09-18T12:00:00Z
20515,2026-09-13T12:00:00Z,T-03,H/E,Bandra East / Santacruz East,8000,5.83,7419,Delivered,183.7,7.41,true,42,2.0.0,2026-09-18T12:00:00Z
20516,2026-09-13T16:00:00Z,T-06,F/S,Parel / Sewri / Lalbaug,12000,3.19,7419,Delivered,217.0,7.23,true,42,2.0.0,2026-09-18T12:00:00Z
20517,2026-09-13T14:00:00Z,T-06,K/E,Andheri East / Marol,12000,3.13,7419,Delivered,162.5,7.29,true,42,2.0.0,2026-09-18T12:00:00Z
20518,2026-09-13T08:00:00Z,T-05,M/E,Govandi / Mankhurd / Shivaji Nagar,8000,5.36,7419,Delivered,212.3,7.15,true,42,2.0.0,2026-09-18T12:00:00Z
20519,2026-09-13T13:00:00Z,T-05,G/N,Dharavi / Mahim / Dadar West,8000,4.0,7419,Delivered,226.7,7.24,true,42,2.0.0,2026-09-18T12:00:00Z
20520,2026-09-13T08:00:00Z,T-07,G/N,Dharavi / Mahim / Dadar West,10000,4.18,7419,Delivered,198.9,7.17,true,42,2.0.0,2026-09-18T12:00:00Z
20521,2026-09-13T12:00:00Z,T-04,M/E,Govandi / Mankhurd / Shivaji Nagar,10000,4.8,7419,Delivered,213.6,7.31,true,42,2.0.0,2026-09-18T12:00:00Z
20522,2026-09-13T15:00:00Z,T-07,F/N,Matunga / Sion / Wadala,10000,4.37,7419,Delivered,161.3,7.19,true,42,2.0.0,2026-09-18T12:00:00Z
20523,2026-09-13T12:00:00Z,T-03,F/S,Parel / Sewri / Lalbaug,8000,3.58,7419,Delivered,181.0,7.59,true,42,2.0.0,2026-09-18T12:00:00Z
20524,2026-09-13T15:00:00Z,T-02,S,Bhandup / Kanjurmarg / Powai,12000,1.97,7419,Delivered,202.5,7.27,true,42,2.0.0,2026-09-18T12:00:00Z
20525,2026-09-13T13:00:00Z,T-09,R/N,Dahisar / Mandapeshwar,8000,18.42,7419,Delivered,164.1,7.59,true,42,2.0.0,2026-09-18T12:00:00Z
20526,2026-09-13T14:00:00Z,T-09,R/C,Borivali / Gorai,8000,15.15,7419,Delivered,222.9,7.58,true,42,2.0.0,2026-09-18T12:00:00Z
20527,2026-09-13T11:00:00Z,T-10,G/S,Worli / Lower Parel,10000,5.95,7419,Delivered,188.8,7.21,true,42,2.0.0,2026-09-18T12:00:00Z
20528,2026-09-13T09:00:00Z,T-07,H/E,Bandra East / Santacruz East,10000,5.12,7419,Delivered,211.0,7.79,true,42,2.0.0,2026-09-18T12:00:00Z
20529,2026-09-13T17:00:00Z,T-09,B,Sandhurst Road / Dongri,8000,6.45,7419,Delivered,169.3,7.45,true,42,2.0.0,2026-09-18T12:00:00Z
20530,2026-09-13T11:00:00Z,T-07,N,Ghatkopar / Pant Nagar,10000,4.48,7419,Delivered,168.5,7.59,true,42,2.0.0,2026-09-18T12:00:00Z
20531,2026-09-14T13:00:00Z,T-08,F/S,Parel / Sewri / Lalbaug,10000,3.92,7419,Delivered,227.7,7.46,true,42,2.0.0,2026-09-18T12:00:00Z
20532,2026-09-14T17:00:00Z,T-04,R/C,Borivali / Gorai,10000,15.15,7419,Delivered,184.8,7.73,true,42,2.0.0,2026-09-18T12:00:00Z
20533,2026-09-14T10:00:00Z,T-04,R/C,Borivali / Gorai,10000,14.95,7419,Delivered,220.4,7.26,true,42,2.0.0,2026-09-18T12:00:00Z
20534,2026-09-14T15:00:00Z,T-07,P/S,Goregaon West & East,10000,9.05,7419,Delivered,199.3,7.72,true,42,2.0.0,2026-09-18T12:00:00Z
20535,2026-09-14T16:00:00Z,T-03,D,Malabar Hill / Walkeshwar,8000,7.63,7419,Delivered,211.5,7.49,true,42,2.0.0,2026-09-18T12:00:00Z
20536,2026-09-14T19:00:00Z,T-01,N,Ghatkopar / Pant Nagar,10000,4.68,7419,Delivered,226.8,7.76,true,42,2.0.0,2026-09-18T12:00:00Z
20537,2026-09-14T13:00:00Z,T-03,G/N,Dharavi / Mahim / Dadar West,8000,4.13,7419,Delivered,219.3,7.36,true,42,2.0.0,2026-09-18T12:00:00Z
20538,2026-09-14T16:00:00Z,T-07,N,Ghatkopar / Pant Nagar,10000,4.51,7419,Delivered,210.4,7.37,true,42,2.0.0,2026-09-18T12:00:00Z
20539,2026-09-14T17:00:00Z,T-02,M/E,Govandi / Mankhurd / Shivaji Nagar,12000,5.69,7419,Delivered,184.5,7.77,true,42,2.0.0,2026-09-18T12:00:00Z
20540,2026-09-14T17:00:00Z,T-08,P/N,Malad / Marve / Malvani,10000,12.56,7419,Delivered,200.0,7.47,true,42,2.0.0,2026-09-18T12:00:00Z
20541,2026-09-14T18:00:00Z,T-01,B,Sandhurst Road / Dongri,10000,6.28,7419,Delivered,238.3,7.33,true,42,2.0.0,2026-09-18T12:00:00Z
20542,2026-09-14T10:00:00Z,T-07,M/E,Govandi / Mankhurd / Shivaji Nagar,10000,4.89,7419,Delivered,208.2,7.31,true,42,2.0.0,2026-09-18T12:00:00Z
20543,2026-09-14T14:00:00Z,T-05,M/E,Govandi / Mankhurd / Shivaji Nagar,8000,4.9,7419,Delivered,219.8,7.17,true,42,2.0.0,2026-09-18T12:00:00Z
20544,2026-09-14T16:00:00Z,T-10,K/W,Andheri West / Versova,10000,7.07,7419,Delivered,230.9,7.77,true,42,2.0.0,2026-09-18T12:00:00Z
20545,2026-09-14T08:00:00Z,T-02,T,Mulund / Nahur,12000,3.3,7419,Delivered,192.7,7.54,true,42,2.0.0,2026-09-18T12:00:00Z
20546,2026-09-14T16:00:00Z,T-09,F/S,Parel / Sewri / Lalbaug,8000,4.3,7419,Delivered,222.2,7.52,true,42,2.0.0,2026-09-18T12:00:00Z
20547,2026-09-14T09:00:00Z,T-03,M/E,Govandi / Mankhurd / Shivaji Nagar,8000,5.2,7419,Delivered,217.2,7.18,true,42,2.0.0,2026-09-18T12:00:00Z
20548,2026-09-14T13:00:00Z,T-05,P/N,Malad / Marve / Malvani,8000,11.86,7419,Delivered,191.2,7.24,true,42,2.0.0,2026-09-18T12:00:00Z
20549,2026-09-15T13:00:00Z,T-01,F/N,Matunga / Sion / Wadala,10000,4.28,7419,Delivered,178.2,7.46,true,42,2.0.0,2026-09-18T12:00:00Z
20550,2026-09-15T18:00:00Z,T-06,P/S,Goregaon West & East,12000,9.26,7419,Delivered,168.0,7.74,true,42,2.0.0,2026-09-18T12:00:00Z
20551,2026-09-15T18:00:00Z,T-07,C,Marine Lines / Chandanwadi,10000,6.49,7419,Delivered,162.3,7.13,true,42,2.0.0,2026-09-18T12:00:00Z
20552,2026-09-15T11:00:00Z,T-05,G/N,Dharavi / Mahim / Dadar West,8000,3.49,7419,Delivered,174.8,7.11,true,42,2.0.0,2026-09-18T12:00:00Z
20553,2026-09-15T15:00:00Z,T-08,M/E,Govandi / Mankhurd / Shivaji Nagar,10000,5.22,7419,Delivered,206.3,7.42,true,42,2.0.0,2026-09-18T12:00:00Z
20554,2026-09-15T19:00:00Z,T-05,K/E,Andheri East / Marol,8000,2.79,7419,Delivered,179.0,7.7,true,42,2.0.0,2026-09-18T12:00:00Z
20555,2026-09-15T12:00:00Z,T-08,T,Mulund / Nahur,10000,3.37,7419,Delivered,170.9,7.13,true,42,2.0.0,2026-09-18T12:00:00Z
20556,2026-09-15T13:00:00Z,T-05,F/S,Parel / Sewri / Lalbaug,8000,3.18,7419,Delivered,172.7,7.3,true,42,2.0.0,2026-09-18T12:00:00Z
20557,2026-09-15T09:00:00Z,T-06,P/N,Malad / Marve / Malvani,12000,11.58,7419,Delivered,230.6,7.6,true,42,2.0.0,2026-09-18T12:00:00Z
20558,2026-09-15T13:00:00Z,T-06,B,Sandhurst Road / Dongri,12000,6.67,7419,Delivered,238.4,7.32,true,42,2.0.0,2026-09-18T12:00:00Z
20559,2026-09-15T14:00:00Z,T-09,L,Kurla / Asalpha / Sakinaka,8000,6.77,7419,Delivered,214.5,7.16,true,42,2.0.0,2026-09-18T12:00:00Z
20560,2026-09-15T09:00:00Z,T-02,E,Byculla / Mazgaon / Nagpada,12000,5.17,7419,Delivered,194.8,7.21,true,42,2.0.0,2026-09-18T12:00:00Z
20561,2026-09-15T18:00:00Z,T-08,N,Ghatkopar / Pant Nagar,10000,5.03,7419,Delivered,184.8,7.27,true,42,2.0.0,2026-09-18T12:00:00Z
20562,2026-09-15T13:00:00Z,T-02,K/E,Andheri East / Marol,12000,2.92,7419,Delivered,237.1,7.1,true,42,2.0.0,2026-09-18T12:00:00Z
20563,2026-09-15T09:00:00Z,T-06,B,Sandhurst Road / Dongri,12000,5.47,7419,Delivered,239.7,7.61,true,42,2.0.0,2026-09-18T12:00:00Z
20564,2026-09-15T09:00:00Z,T-01,R/S,Kandivali West & East,10000,13.69,7419,Delivered,222.7,7.21,true,42,2.0.0,2026-09-18T12:00:00Z
20565,2026-09-15T19:00:00Z,T-08,R/N,Dahisar / Mandapeshwar,10000,18.46,7419,Delivered,219.2,7.56,true,42,2.0.0,2026-09-18T12:00:00Z
20566,2026-09-15T10:00:00Z,T-10,N,Ghatkopar / Pant Nagar,10000,5.47,7419,Delivered,211.8,7.4,true,42,2.0.0,2026-09-18T12:00:00Z
20567,2026-09-15T10:00:00Z,T-04,R/N,Dahisar / Mandapeshwar,10000,18.38,7419,Delivered,224.9,7.26,true,42,2.0.0,2026-09-18T12:00:00Z
