Factor ID,Factor Name,Original Research Source,Research Evidence Level,Domain,Definition,Potential Decision Layer,Required Data,Data Availability,Current Repository Representation,Current Status,Notes
F001,Live Usable Lake Storage,MCGM Hydraulic Engineer Daily Lake Bulletins,A,A. HYDROLOGY / F. STORAGE,Net usable live storage across 7 supply lakes above sill level,SUPPLY_FORECAST,Daily reservoir gauge levels (MLD),AVAILABLE_OFFICIAL,"water_engine/supply_model.py, SUP_RES_LEVEL",IMPLEMENTED,Core ceiling on bulk available supply
F002,Dead Storage Reservoir Volume,MCGM Lake Bathymetric Survey,A,A. HYDROLOGY,Volume of water below lowest sluice invert unextractable by gravity,SUPPLY_FORECAST,Dam sill elevation curves,AVAILABLE_OFFICIAL,docs/factor_catalogue.md,DOCUMENTED_ONLY,Requires emergency pontoon pumps in extreme crises
F003,Catchment 24h Cumulative Rainfall,IMD Hydrology Section / BMC Disaster Cell,A,B. RAINFALL,24h accumulated rainfall across lake catchment gauge network,SUPPLY_FORECAST,Daily rain gauge mm,AVAILABLE_OFFICIAL,"water_engine/supply_model.py, SUP_RAIN_CATCH",IMPLEMENTED,Drives daily lake replenishment calculation
F004,River Catchment Inflow Runoff Rate,Maharashtra Irrigation Dept River Gauging,B,A. HYDROLOGY,Rate of streamflow entering dam impoundments from watershed,SUPPLY_FORECAST,River weir flow telemetry,AVAILABLE_OFFICIAL,data/factor_catalogue.yaml,PARTIALLY_IMPLEMENTED,Modeled via catchment rainfall proxy; direct weir SCADA telemetry pending
F005,Reservoir Evaporative Pan Loss,Central Water Commission (CWC) Lake Evaporation Models,B,A. HYDROLOGY,Daily evaporative water loss from open lake surface area,SUPPLY_FORECAST,Pan evaporimeter telemetry,UNAVAILABLE_LOCAL,docs/research_evidence.md,UNAVAILABLE_DATA,No real-time automated telemetry on lake surface evaporation
F006,Dam Spillway Discharge Overflow,BMC Dam Gate Automation Protocols,A,A. HYDROLOGY,Uncontrolled or gated discharge when lake reaches 100% full capacity,SCENARIO_CONTEXT,Gate opening position (meters),AVAILABLE_OFFICIAL,docs/factor_catalogue.md,CONTEXT_ONLY,Indicates zero supply deficit risk during monsoon overflow
F007,Upstream Catchment Soil Saturation Antecedent Moisture,Soil & Land Use Survey of India (SLUSI),B,A. HYDROLOGY,Soil moisture index governing rainfall-to-runoff conversion ratio,SUPPLY_FORECAST,Satellite microwave soil moisture sensors,UNAVAILABLE_LOCAL,docs/research_evidence.md,UNAVAILABLE_DATA,High satellite latency; unviable for daily municipal operations
F008,Inter-Basin River Water Diversion Quota,Godavari-Krishna Inter-State Water Disputes Tribunal,A,AD. COMPETITION / AE. REGULATORY,Statutory limit on water diverted from Bhatsa river to Mumbai vs Thane rural,RESOURCE_OPTIMIZATION,Tribunal allocation decree,AVAILABLE_OFFICIAL,docs/research_evidence.md,DOCUMENTED_ONLY,Fixed inter-governmental legal boundary condition
F009,Reservoir Siltation Capacity Depletion,CWC Hydrographic Siltation Studies,B,A. HYDROLOGY,Annual reduction in lake storage due to sediment accumulation,SUPPLY_FORECAST,Decadal sonar bathymetry,UNAVAILABLE_LOCAL,docs/final_limitations.md,UNAVAILABLE_DATA,Decadal decadal timescale; negligible on daily operational dispatch
F010,Total Lake Gross Content,MCGM Lake Specifications,A,F. STORAGE,Gross volume including dead storage,SUPPLY_FORECAST,Lake reservoir tables,AVAILABLE_OFFICIAL,Merged into F001,DUPLICATE_OR_MERGED,Merged with F001 (Live Usable Storage) which is the true actionable supply
F011,Bhandup Complex WTP Filtration Throughput,MCGM Hydraulic Engineering Department Records,A,H. TREATMENT,"Physical potable water filtration throughput limit (2,810 MLD capacity)",RESOURCE_OPTIMIZATION,Daily WTP throughput log (MLD),AVAILABLE_OFFICIAL,"water_engine/supply_model.py, SUP_TREAT_CAP",IMPLEMENTED,Hard upper bound bottleneck on potable municipal water
F012,Panjrapur WTP Filtration Throughput,MCGM Hydraulic Engineering Department Records,A,H. TREATMENT,"Physical throughput limit for Eastern suburbs (1,365 MLD capacity)",RESOURCE_OPTIMIZATION,Plant flow meter readings,AVAILABLE_OFFICIAL,"water_engine/supply_model.py, SUP_TREAT_CAP",IMPLEMENTED,Hard upper bound bottleneck on potable water
F013,Raw Water Intake Turbidity Shock,MCGM Water Quality Laboratory Bhandup,A,G. WATER QUALITY / H. TREATMENT,Raw water turbidity > 100 NTU during flash monsoons forcing filter derating,SCENARIO_CONTEXT,Turbidity sensor readings (NTU),AVAILABLE_OFFICIAL,evaluation/stress_tests.py (Scenario 11),SCENARIO_ONLY,Tested in Scenario 11 as physical 15-30% backwash derating
F014,WTP Filter Backwash Loss Fraction,CPHEEO Manual on Water Supply and Treatment,B,H. TREATMENT,Percentage of treated water consumed in cleaning rapid gravity sand filters (2-4%),SUPPLY_FORECAST,Backwash volumetric meters,AVAILABLE_OFFICIAL,water_engine/supply_model.py,PARTIALLY_IMPLEMENTED,Modeled as 3.5% treatment loss deduction in supply balance formula
F015,Water Treatment Coagulant Chemical Stock,BMC Central Stores Department Inventory Log,A,H. TREATMENT,Days of polyaluminium chloride (PAC) and alum coagulant reserves on-site,RESOURCE_OPTIMIZATION,Chemical inventory records,AVAILABLE_OFFICIAL,docs/model_cards/01_supply_forecast.md,DOCUMENTED_ONLY,Supply chain buffer parameter
F016,Chlorination Gas Plant Dosing Active Rate,BIS IS 10500:2012 / MCGM Water Quality Laboratory,A,G. WATER QUALITY,Chlorine dosing rate to ensure 0.2-0.5 mg/L free residual chlorine at user end,WATER_QUALITY,Chlorine dosing mass flow meters,AVAILABLE_OFFICIAL,"water_engine/water_reuse.py, GOV_CHLOR_RESID",IMPLEMENTED,Mandatory potability certification gate
F017,WTP Sludge Cake Dewatering Output,Maharashtra Pollution Control Board (MPCB) Guidelines,B,H. TREATMENT / AE. ENVIRONMENTAL,Daily sludge dewatering mass output requiring environmental landfilling,SCENARIO_CONTEXT,Weighbridge logs,AVAILABLE_OFFICIAL,docs/factor_catalogue.md,CONTEXT_ONLY,Environmental compliance indicator outside water allocation
F018,WTP Design Hydraulic Peak Capacity,MCGM Bhandup Complex Master Plan,A,H. TREATMENT,Theoretical maximum hydraulic design flow without backwash derating,RESOURCE_OPTIMIZATION,Engineering design spec,AVAILABLE_OFFICIAL,Merged into F011/F012,DUPLICATE_OR_MERGED,Merged into operational throughput limits F011/F012
F019,Trunk Main SCADA Flow Telemetry Rate,MCGM Hydraulic Engineer SCADA Network,A,I. TRANSMISSION,Real-time volumetric flow in Vaitarna and Tansa steel transmission mains,EMERGENCY_PREDICTION,Ultrasonic pipe flow meters,AVAILABLE_OFFICIAL,complaint_engine/features.py,PARTIALLY_IMPLEMENTED,Used as flow drop feature in burst prediction
F020,Trunk Transmission Pipeline Structural Rupture,BMC Disaster Management Outage Reports,A,W. EMERGENCY / I. TRANSMISSION,Catastrophic burst of primary 2500mm-3000mm trunk main causing regional cut,EMERGENCY_PREDICTION,Burst event incident logs,AVAILABLE_OFFICIAL,evaluation/stress_tests.py (Scenario 07),SCENARIO_ONLY,Tested in 14-scenario stress framework
F021,Master Balancing Reservoir (MBR) Usable Level,"MCGM Operations Log (Ghatkopar, Powai, Malabar Hill MBRs)",A,F. STORAGE,Hydrostatic head level at master elevated distribution reservoirs,SUPPLY_FORECAST,Reservoir depth sensors,AVAILABLE_OFFICIAL,water_engine/supply_model.py,PARTIALLY_IMPLEMENTED,Provides head pressure prior for secondary zone dispatch
F022,Pumping Station Grid Power Outage Deficit,MSETCL / Adani Electricity Log,B,AA. ENERGY,Duration and MW power deficit at high-lift transmission pumping stations,SCENARIO_CONTEXT,Substation outage logs,AVAILABLE_OFFICIAL,"data/reference/factor_catalog.csv, SUP_OUTAGE_MW",SCENARIO_ONLY,Simulated in Stress Scenario 06 as regional pressure loss
F023,Standby Diesel Generator Fuel Run Hours,BMC Pumping Station Maintenance SOP,B,AA. ENERGY,Hours of backup fuel available on-site for diesel generators,RESOURCE_OPTIMIZATION,Fuel tank dipstick logs,AVAILABLE_OFFICIAL,docs/factor_catalog.md,DOCUMENTED_ONLY,Failsafe reserve parameter
F024,Transmission Hydraulic Friction Head Loss,Hazen-Williams Hydraulic Modeling of Mumbai Aqueducts,B,I. TRANSMISSION,Dynamic friction head dissipation across 100km trunk conduits,INFRASTRUCTURE,Multi-point differential pressure gauges,UNAVAILABLE_LOCAL,docs/research_evidence.md,UNAVAILABLE_DATA,Full hydraulic dynamic modeling requires EPA-NET SCADA integration
F025,Underground Tunnel Conveyance Structural Integrity,MCGM Water Tunnel Project Phase 2 & 3 Reports,A,I. TRANSMISSION,Structural integrity status of deep rock water transmission tunnels,SCENARIO_CONTEXT,Acoustic / seismic inspection reports,AVAILABLE_OFFICIAL,docs/research_evidence.md,CONTEXT_ONLY,Longitudinal asset health monitoring
F026,Pumping Station Booster Pump Operational Count,BMC Hydraulic Engineer Pumping Registry,A,AA. ENERGY / INFRASTRUCTURE,Number of pumps actively spinning at master transfer stations,INFRASTRUCTURE,SCADA pump run telemetry,AVAILABLE_OFFICIAL,docs/factor_catalogue.md,DOCUMENTED_ONLY,Operational capacity constraint
F027,Raw Transmission Conveyance Sump Losses,Castalia WDIP NRW Audit,B,L. LEAKAGE / NRW,Transmission loss between lake dam and WTP intake,SUPPLY_FORECAST,Conveyance differential metering,AVAILABLE_OFFICIAL,Merged into F035,DUPLICATE_OR_MERGED,Merged with citywide Non-Revenue Water factor F035
F028,Hydrostatic Distribution Line Pressure,MCGM DMA Pressure Management Cell,A,K. PRESSURE,Physical tap/secondary line pressure in bars during supply window,COMPLAINT_INTELLIGENCE,IoT line pressure logger (bar),AVAILABLE_OFFICIAL,"complaint_engine/features.py, evaluation/complaint_validation.py",IMPLEMENTED,Direct physical predictor of localized dry-pipe events (< 0.5 bar)
F029,Tail-End Dead-End Elevation Deficit,MCGM Water Distribution Master Plan / GIS,B,K. PRESSURE / INFRASTRUCTURE,Topological indicator of cluster location at dead-end or high elevation,NEED/EQUITY,GIS digital elevation model (DEM) and pipe topology,AVAILABLE_OFFICIAL,"water_engine/equity_engine.py, INF_PRES_ZONE",IMPLEMENTED,Structural equity weight elevating priority of chronically starved nodes
F030,Intermittent Piped Rationing Hours Timetable,MCGM Official Ward Water Timetables (2-4 hours/day),A,J. DISTRIBUTION NETWORK,Scheduled hours per day that municipal delivery valves are open in a ward,NEED/EQUITY,Ward valve schedule tables,AVAILABLE_OFFICIAL,water_engine/service_deficit.py,IMPLEMENTED,Used in service deficit calculation
F031,Secondary Distribution Main Pipe Age,MCGM GIS Asset Database,B,J. DISTRIBUTION NETWORK / INFRASTRUCTURE,Age in years of secondary cast iron or mild steel water pipes,COMPLAINT_INTELLIGENCE,Asset commissioning date,AVAILABLE_OFFICIAL,"evaluation/complaint_validation.py, INF_PIPE_AGE",IMPLEMENTED,Key feature in burst prediction and contamination risk
F032,Distribution Pipe Material Class,MCGM Hydraulic Engineer Materials Spec,B,INFRASTRUCTURE,Material classification: Unlined Cast Iron vs Ductile Iron vs Mild Steel,INFRASTRUCTURE,GIS attribute,AVAILABLE_OFFICIAL,docs/factor_catalog.md,DOCUMENTED_ONLY,Affects corrosion vulnerability
F033,Soil Saline Intrusion Pipe External Corrosion Rate,Central Electrochemical Research Institute (CECRI) Coastal Corrosion Study,B,INFRASTRUCTURE,"External electrochemical wall loss in coastal saline soils (Wards A, B, C)",INFRASTRUCTURE,Soil resistivity and chloride measurements,UNAVAILABLE_LOCAL,docs/research_evidence.md,UNAVAILABLE_DATA,No citywide GIS soil chemical survey available
F034,Sluice Valve Manual Throttling Position,MCGM Ward Water Keyman Operations Log,A,X. GOVERNANCE,Manual valve turn count (quarter/half/full throttle) controlling pressure,INFRASTRUCTURE,Keyman daily shift register,AVAILABLE_OFFICIAL,complaint_engine/features.py,PARTIALLY_IMPLEMENTED,Modeled via valve status flag; manual paper logs not digitized citywide
F035,Non-Revenue Water (NRW) Physical Losses,Castalia Strategic Advisors / World Bank NRW Study for MCGM,B,L. LEAKAGE / NRW,Estimated 25-35% loss of piped water due to leakage and unmetered taps,SUPPLY_FORECAST,Ward water audit reports,AVAILABLE_OFFICIAL,"water_engine/supply_model.py, SUP_NRW_LOSS",IMPLEMENTED,Deductive loss parameter in net supply computation
F036,Underground Cross-Contamination Suction Risk,NEERI (National Environmental Engineering Research Institute) Mumbai Study,B,G. WATER QUALITY / W. EMERGENCY,Risk of sewage ingress through leaks when intermittent pipe pressure is zero,SCENARIO_CONTEXT,Stormwater drain co-location proximity,AVAILABLE_OFFICIAL,evaluation/stress_tests.py (Scenario 09),SCENARIO_ONLY,Triggers emergency contamination response in stress suite
F037,Pipe Internal Tuberculation Roughness Index,CPHEEO Hydraulic Pipeline Guidelines,B,INFRASTRUCTURE,Reduction in effective cross-sectional pipe diameter from lime/rust encrustation,INFRASTRUCTURE,Pipe coupon destructive testing samples,UNAVAILABLE_LOCAL,docs/factor_catalog.md,UNAVAILABLE_DATA,Requires physical excavation; not available for live dispatch
F038,Piped Service Supply Frequency,MCGM Ward Timetables,A,J. DISTRIBUTION NETWORK,Frequency of supply (alternate days vs daily),NEED/EQUITY,Ward timetable,AVAILABLE_OFFICIAL,Merged into F030,DUPLICATE_OR_MERGED,Merged with F030 (Rationing Hours Timetable) which directly encapsulates supply duration and frequency
F039,Ward Census 2011 Enumerated Population,Office of the Registrar General & Census Commissioner of India,A,M. POPULATION,Official enumerated resident population across 24 BMC administrative wards,DEMAND_FORECAST,Census Primary Census Abstract (PCA),AVAILABLE_OFFICIAL,"data/reference/bmc/ward_population_real.csv, DEM_POP_TOTAL",IMPLEMENTED,Statutory baseline population denominator
F040,Projected Ward Resident Population (2026),MCGM Development Plan 2034 Population Projections,B,M. POPULATION,Statistically projected resident population adjusting for suburban growth,DEMAND_FORECAST,DP 2034 demographic tables,AVAILABLE_OFFICIAL,docs/factor_catalogue.md,DOCUMENTED_ONLY,Maintained in documentation; production uses Census 2011 real reference baseline
F041,Ward Total Household Count,Census of India 2011,A,O. HOUSEHOLDS,Total enumerated occupied residential households,DEMAND_FORECAST,Census household tables,AVAILABLE_OFFICIAL,Merged into F039,DUPLICATE_OR_MERGED,Merged with F039 (Population) with Pearson r = 0.982; avoids double-counting
F042,Average Household Size,Census of India 2011,A,O. HOUSEHOLDS,Mean persons per household (Mumbai avg: 4.8),DEMAND_FORECAST,Pop / Households,AVAILABLE_OFFICIAL,Merged into F039,DUPLICATE_OR_MERGED,Redundant linear combination of population and household count
F043,Gross Ward Population Density,MCGM Ward Profiles / Census 2011,A,M. POPULATION,"Persons per square kilometer (ranging from 5,000 to > 65,000 in C Ward)",SCENARIO_CONTEXT,Pop / Ward Area (km2),AVAILABLE_OFFICIAL,docs/factor_catalog.md,CONTEXT_ONLY,Monitored for spatial compactness and logistics feasibility
F044,Ward Floating Commuter Day Population,Mumbai Metropolitan Region Development Authority (MMRDA) CTS Study,B,M. POPULATION,"Daily influx of 2-3 million workers into commercial hubs (Ward A, G/S, H/E)",DEMAND_FORECAST,Comprehensive Transportation Study commuter matrix,UNAVAILABLE_LOCAL,docs/final_limitations.md,UNAVAILABLE_DATA,Decadal survey data; uninstrumented on daily operational timescale
F045,Child and Elderly Demographic Dependency Share,Census of India 2011 Age Cohort Tables,A,N. DEMOGRAPHICS,Percentage of ward population < 5 years and > 65 years,SCENARIO_CONTEXT,Census age tables,AVAILABLE_OFFICIAL,data/factor_selection.csv,CONTEXT_ONLY,Monitored for equity audits; excluded from direct allocation formula
F046,Caste Identity of Household Head,Socio-Economic & Caste Census (SECC),A,N. DEMOGRAPHICS,Caste status of applicant / neighborhood,FAIRNESS_AUDIT,Protected survey attribute,AVAILABLE_OFFICIAL,docs/decision_architecture.md,REJECTED_WITH_REASON,REJECTED: Protected-attribute concern / Violates Constitution Article 15 and 21
F047,Religious Community Identity,Census of India Religion Tables,A,N. DEMOGRAPHICS,Religious demographic breakdown of neighborhood,FAIRNESS_AUDIT,Protected survey attribute,AVAILABLE_OFFICIAL,docs/decision_architecture.md,REJECTED_WITH_REASON,REJECTED: Unconstitutional discrimination risk / Strictly prohibited from allocation engine
F048,Linguistic Mother Tongue Identity,Census of India Language Tables,A,N. DEMOGRAPHICS,Primary spoken language of community,FAIRNESS_AUDIT,Protected survey attribute,AVAILABLE_OFFICIAL,docs/decision_architecture.md,REJECTED_WITH_REASON,REJECTED: Outside WaterFlow scope / Zero relevance to physical water distribution
F049,Ward Slum Population Proportion,MCGM Development Plan 2034 & Slum Sanitation Program,A,Q. INFORMAL SETTLEMENTS,Percentage of ward population residing in slum settlements without individual taps,NEED/EQUITY,Official ward slum census %,AVAILABLE_OFFICIAL,"water_engine/equity_engine.py, DEM_SLUM_RATIO",IMPLEMENTED,Primary structural vulnerability prior (0.25 weight in canonical policy)
F050,Non-Notified Slum Land Tenure Legality,Slum Rehabilitation Authority (SRA) / Bombay High Court Ruling 2014,A,Q. INFORMAL SETTLEMENTS,Tenure classification (notified vs post-cutoff non-notified),FAIRNESS_AUDIT,SRA GIS boundary layer,AVAILABLE_OFFICIAL,docs/research_evidence.md,DOCUMENTED_ONLY,"Per High Court mandate, water cannot be denied based on land tenure"
F051,Distance to Public Standpost / Community Tap,Tata Institute of Social Sciences (TISS) Mumbai Water Access Survey,B,Q. INFORMAL SETTLEMENTS,Physical walking distance (meters) from slum home to functional municipal standpost,FAIRNESS_AUDIT,Settlement survey distance,AVAILABLE_OFFICIAL,"data/reference/factor_catalog.csv, SOC_FETCH_DIST",IMPLEMENTED,Audited in post-allocation fairness disparity tests
F052,Standpost Queue Waiting Duration,YUVA / TISS Field Access Studies,B,Q. INFORMAL SETTLEMENTS,Hours spent standing in line at community standposts (often 1-3 hours/day),NEED/EQUITY,Time-use survey telemetry,UNAVAILABLE_LOCAL,docs/factor_catalog.md,UNAVAILABLE_DATA,Requires live computer vision or IoT crowd sensing on public taps
F053,Water-Fetching Female Gender Burden Share,UNICEF / TISS Gender & Water Security Study,B,P. SOCIOECONOMIC CONDITIONS,Proportion of household water fetching performed by women and adolescent girls,SCENARIO_CONTEXT,Gender-disaggregated time survey,AVAILABLE_OFFICIAL,docs/factor_catalog.md,CONTEXT_ONLY,Monitored as social impact context
F054,Intra-Ward Highrise vs Slum LPCD Disparity Ratio,MCGM Human Development Report / YUVA Water Audit,B,P. SOCIOECONOMIC CONDITIONS / FAIRNESS_AUDIT,Ratio of affluent per-capita supply (>200 LPCD) to slum supply (<50 LPCD),FAIRNESS_AUDIT,Ward micro-consumption audit,AVAILABLE_OFFICIAL,"evaluation/disparity_testing.py, SOC_HIST_INTRADIST",IMPLEMENTED,Evaluated in fairness disparity metrics
F055,Household Overhead/Underground Storage Absence,National Family Health Survey (NFHS-5) Maharashtra,A,O. HOUSEHOLDS / Q. INFORMAL SETTLEMENTS,Lack of permanent built-in storage tanks forcing daily drum storage,NEED/EQUITY,NFHS housing characteristics,AVAILABLE_OFFICIAL,water_engine/storage_aware.py,PARTIALLY_IMPLEMENTED,Proxied via slum population share and storage-aware capacity clamping
F056,Informal Settlement Alley Width (< 3m Navigability),BMC SWM Ward Road Width Maps,B,Z. TRANSPORT,"Passage width preventing standard 10,000L heavy tankers from entering",ROUTING,GIS street centerline width,AVAILABLE_OFFICIAL,docs/model_cards/07_routing_optimizer.md,DOCUMENTED_ONLY,"Requires dispatching 3,000L mini-tankers or overland hose reels"
F057,Informal Water Mafia Resale Spot Price,YUVA Economic Survey of Slum Water Markets,B,AB. ECONOMICS,Black market price per 200L can charged to slum dwellers during shortages,SCENARIO_CONTEXT,Field crowdsourced tariff reports,AVAILABLE_OFFICIAL,docs/factor_catalogue.md,CONTEXT_ONLY,Economic exploitation warning flag
F058,Informal Settlement Footprint Housing Density,SRA Mumbai Remote Sensing Survey,B,Q. INFORMAL SETTLEMENTS,Shanties per hectare in designated slum clusters,DEMAND_FORECAST,High-res satellite GIS,AVAILABLE_OFFICIAL,Merged into F049,DUPLICATE_OR_MERGED,Merged into F049 (Slum Population Share)
F059,Slum Cluster Elevation Relative to Sub-Zone Reservoir,MCGM GIS DEM,B,K. PRESSURE,Height in meters above distribution header,NEED/EQUITY,Topographic contours,AVAILABLE_OFFICIAL,Merged into F029,DUPLICATE_OR_MERGED,Merged with F029 (Tail-End Dead-End Elevation Deficit)
F060,Statutory Basic Domestic Lifeline Standard (135 LPCD),"MoHUA Service Level Benchmarks, Govt of India",A,T. WATER DEMAND,135 Liters Per Capita per Day standard for cities with underground sewerage,DEMAND_FORECAST,Statutory benchmark constant,AVAILABLE_OFFICIAL,"data/reference/factor_catalog.csv, DEM_LIFELINE_NORM",IMPLEMENTED,Normative benchmark for minimum human right to water
F061,Unfulfilled Emergency Water Demand (Liters),MCGM Ward Demand Requisitions / WaterFlow Engine,A,T. WATER DEMAND,Verified net unmet water requirement in Liters for a ward or cluster,ALLOCATION,Citizen requisitions / Outage calculation,AVAILABLE_OFFICIAL,"water_engine/equity_engine.py, unmet_demand_liters",IMPLEMENTED,Core target variable and upper bound constraint in allocation
F062,Consecutive Days Elapsed Without Reliable Supply,MCGM SCADA Pressure Logs / Citizen Corroborated Reports,C,U. HISTORICAL SERVICE,Consecutive calendar days where piped tap pressure failed to meet 0.5 bar,NEED/EQUITY,Outage tracking days,SIMULATED_BENCHMARK,"water_engine/service_deficit.py, DEM_DAYS_NO_SUP",IMPLEMENTED,Exponential priority escalation driver
F063,Historical Ward Service Deficit Index,MCGM 30-Day Historical Water Supply Ledger,B,U. HISTORICAL SERVICE,Rolling cumulative water supply deficit ratio over previous 30 days,NEED/EQUITY,Historical delivery logs,AVAILABLE_OFFICIAL,"water_engine/equity_engine.py, historical_deficit",IMPLEMENTED,Canonical policy weight 0.20
F064,Recent Supply Reliability Deficit,MCGM 7-Day Valve Telemetry,B,U. HISTORICAL SERVICE,Variance and interruption frequency in supply window over past 7 days,NEED/EQUITY,Valve log variance,AVAILABLE_OFFICIAL,"water_engine/equity_engine.py, reliability_deficit",IMPLEMENTED,Canonical policy weight 0.10
F065,Commercial Bulk Water Consumption,"MCGM Metered Commercial Billing (Hotels, Malls, Offices)",A,T. WATER DEMAND,Metered commercial non-domestic consumption volume,SCENARIO_CONTEXT,Metered commercial accounts,AVAILABLE_OFFICIAL,docs/factor_catalogue.md,CONTEXT_ONLY,Subject to tariff penalties during drought
F066,Industrial Manufacturing Quota Allocation,MIDC / MCGM Industrial Supply Contracts,A,AD. COMPETITION,Contractual allocation to manufacturing plants in industrial zones,SCENARIO_CONTEXT,MIDC contract registry,AVAILABLE_OFFICIAL,evaluation/stress_tests.py (Scenario 02),SCENARIO_ONLY,Curtailable in severe crisis scenarios to protect domestic lifeline
F067,Cultural Festival Mass Gathering Demand Surge,"BMC Public Health & Festive Management Cell (Ganesh Chaturthi, etc.)",A,T. WATER DEMAND,Transient 20-40% demand surge during major public religious festivals,SCENARIO_CONTEXT,Festive calendar event triggers,AVAILABLE_OFFICIAL,evaluation/stress_tests.py (Scenario 14),SCENARIO_ONLY,Tested in Scenario 14 stress test
F068,Seasonal Baseline Demand Index,MCGM Annual Consumption Time Series,B,T. WATER DEMAND,Month-of-year seasonal demand multiplier,DEMAND_FORECAST,Monthly billing records,AVAILABLE_OFFICIAL,Merged into F069/F070,DUPLICATE_OR_MERGED,Merged with temperature and climate autoregressive forecaster F069
F069,Maximum Daily Ambient Temperature,IMD Regional Meteorological Centre Mumbai,A,C. CLIMATE,Peak dry-bulb surface temperature recorded at Santacruz/Colaba observatories,DEMAND_FORECAST,Daily maximum degrees Celsius,AVAILABLE_OFFICIAL,"evaluation/demand_forecast.py, DEM_TEMP_MAX",IMPLEMENTED,Exogenous driver of +8% to +22% hydration demand surge
F070,IMD Coastal Heatwave Warning Classification,IMD Heat Action Plan Alerts / BMC Disaster Management Cell,A,C. CLIMATE,"Categorical alert (Yellow, Orange, Red) based on departure >= 4.5C",DEMAND_FORECAST,IMD operational warning bulletins,AVAILABLE_OFFICIAL,"evaluation/demand_forecast.py, DEM_HEATWAVE_IDX",IMPLEMENTED,Emergency relief deployment trigger
F071,Relative Air Humidity Percentage,IMD Mumbai Weather Bulletins,A,C. CLIMATE,Atmospheric relative humidity % affecting physiological heat index,DEMAND_FORECAST,Hygrometer reading (%),AVAILABLE_OFFICIAL,docs/factor_catalog.md,DOCUMENTED_ONLY,Captured in documentation; temperature dominates statistical regression
F072,Urban Heat Island Local Slum Microclimate Delta,IIT Bombay Urban Climate Research Group,B,C. CLIMATE / AF. URBANIZATION,Localized +1.5C to +3.5C temperature excess in dense metal-roof shanties,DEMAND_FORECAST,Thermal infrared satellite imagery (Landsat / ECOSTRESS),UNAVAILABLE_LOCAL,docs/final_limitations.md,UNAVAILABLE_DATA,Satellite thermal data not streamed in real-time
F073,Local Urban Cloudburst / Severe Downpour Event,BMC Automatic Weather Stations (AWS),A,B. RAINFALL,Precipitation exceeding 64.5 mm/hr flooding urban transit corridors,SCENARIO_CONTEXT,Hourly AWS rain gauge data,AVAILABLE_OFFICIAL,evaluation/stress_tests.py (Scenario 11),SCENARIO_ONLY,Simulates road access cutoff in stress testing
F074,Monsoonal Flash Waterlogging Inundation Spots,BMC Traffic Police / Disaster Cell Chronic Inundation Points,A,B. RAINFALL / Z. TRANSPORT,"List of chronic flood subways (King's Circle, Milan Subway, Hindmata)",ROUTING,Spatial polygon of flooded subways,AVAILABLE_OFFICIAL,docs/research_evidence.md,DOCUMENTED_ONLY,Routing graph obstacle constraints
F075,Solar Radiation Flux Insolation Rate,IMD Pune Radiation Network,B,C. CLIMATE,Global horizontal irradiance in W/m2,DEMAND_FORECAST,Pyranometer sensor,AVAILABLE_OFFICIAL,docs/factor_audit.md,REJECTED_WITH_REASON,REJECTED: High multicollinearity with Max Temperature F069 (Pearson r > 0.92) / No independent predictive gain
F076,Atmospheric Surface Wind Speed Velocity,IMD Coastal Stations,A,C. CLIMATE,Surface wind speed in knots/kmh,DEMAND_FORECAST,Anemometer readings,AVAILABLE_OFFICIAL,docs/factor_audit.md,REJECTED_WITH_REASON,REJECTED: Negligible operational correlation with urban indoor water consumption
F077,Spatially Corroborated Complaint Volume,MCGM 1916 Grievance Helpline / MyBMC App / WhatsApp Bot,A,V. COMPLAINTS,Count of independent complaints within 500m radius and 4h window,COMPLAINT_INTELLIGENCE,Deduplicated grievance records,AVAILABLE_OFFICIAL,"complaint_engine/deduplication.py, CMP_CORROB_CNT",IMPLEMENTED,Crowdsourced confirmation of distribution pipe failures
F078,Pending Grievance Unresolved Duration / Age,BMC Citizen Charter SLA Tracking System,C,V. COMPLAINTS / U. HISTORICAL SERVICE,Hours elapsed since initial registered complaint in unresolved cluster,NEED/EQUITY,Complaint creation timestamp vs now,SIMULATED_BENCHMARK,"water_engine/equity_engine.py, CMP_AGE_HOURS",IMPLEMENTED,"Enforces SLA escalation (escalating priority at 24h, 48h, 72h)"
F079,Bot / Panic Duplicate Complaint Volume,MCGM IT Cell Spam Audit,A,V. COMPLAINTS,Duplicate submissions from same citizen/phone within 120 minutes,COMPLAINT_INTELLIGENCE,Citizen phone number and timestamp,AVAILABLE_OFFICIAL,complaint_engine/deduplication.py,IMPLEMENTED,Filtered deterministically to prevent demand artificial inflation
F080,Repeat Callers for Same Location Post-Resolution,MCGM 1916 Grievance Log,A,V. COMPLAINTS,New complaint lodged > 6 hours after supposed ticket closure,COMPLAINT_INTELLIGENCE,Grievance history per address,AVAILABLE_OFFICIAL,"complaint_engine/deduplication.py, repeat_callers_count",IMPLEMENTED,Signals chronic valve failure or false ticket resolution
F081,Complaint Issue Severity Classification,MCGM Grievance Redressal Manual,A,V. COMPLAINTS / W. EMERGENCY,"Issue category: NO_WATER (Tier 1), CONTAMINATION (Tier 1), LOW_PRESSURE (Tier 2)",COMPLAINT_INTELLIGENCE,Categorical complaint type,AVAILABLE_OFFICIAL,complaint_engine/severity.py,IMPLEMENTED,Determines emergency bypass trigger
F082,Grievance Lodging Channel (1916 vs App vs WhatsApp),MCGM Citizen Services Registry,A,V. COMPLAINTS,"Medium of lodging: IVR Helpline, Citizen Mobile App, WhatsApp Chatbot",SCENARIO_CONTEXT,Submission channel metadata,AVAILABLE_OFFICIAL,backend/server.js,CONTEXT_ONLY,Audited for digital divide access patterns
F083,Citizen Call Voice Sentiment & Anger Score,Speech-to-Text NLP Helpline Prototypes,C,V. COMPLAINTS,Acoustic or NLP sentiment analysis of citizen phone call,COMPLAINT_INTELLIGENCE,Voice recordings,UNAVAILABLE_LOCAL,docs/decision_architecture.md,REJECTED_WITH_REASON,REJECTED: Unsafe proxy / Subject to severe dialect and linguistic bias across multilingual Indian callers
F084,Social Media Viral Water Crisis Posts,Twitter/X Scraping Tools,C,V. COMPLAINTS,Hashtag counts regarding Mumbai water shortages,COMPLAINT_INTELLIGENCE,Social media API stream,AVAILABLE_COMMERCIAL,docs/decision_architecture.md,REJECTED_WITH_REASON,REJECTED: Bot manipulation risk / Affluent neighborhood tweet volume unrepresentative of offline slum distress
F085,Field Junior Engineer Inspection Verification Status,BMC Ward CFC Inspection Logs,A,X. GOVERNANCE,Physical verification by ward technician validating reported pipe failure,COMPLAINT_INTELLIGENCE,Field technician sign-off,AVAILABLE_OFFICIAL,docs/factor_catalogue.md,DOCUMENTED_ONLY,Closes complaint loop
F086,Historical Ward SLA Breach Cumulative Count,MCGM Central Grievance Review Reports,B,U. HISTORICAL SERVICE,Count of times ward management failed to resolve outages within 24 hours,SCENARIO_CONTEXT,Historical SLA audits,AVAILABLE_OFFICIAL,docs/factor_catalogue.md,CONTEXT_ONLY,Administrative accountability indicator
F087,Raw Unfiltered Citizen Call Count,1916 Call Logs,A,V. COMPLAINTS,Gross incoming call count without spam filtering,COMPLAINT_INTELLIGENCE,Telephony switch log,AVAILABLE_OFFICIAL,Merged into F077,DUPLICATE_OR_MERGED,Merged into F077 (Spatially Corroborated Volume); raw count rejected due to bot spam risk
F088,Government Hospital Daily Lifeline Quota,Directorate of Health Services Maharashtra / BMC Public Health,A,S. CRITICAL FACILITIES,"Non-negotiable daily volume required for major municipal hospitals (KEM, Sion, Nair)",ALLOCATION,Hospital bed count * 450 LPCD,AVAILABLE_OFFICIAL,"water_engine/critical_facilities.py, DEM_CRIT_FACIL",IMPLEMENTED,Tier 1 absolute priority constraint in allocation optimizer
F089,Hospital On-Site Storage Buffer Run Hours,Hospital Engineering Maintenance Logs,A,S. CRITICAL FACILITIES,Hours of water remaining in hospital overhead/ground storage tanks,ALLOCATION,Hospital tank gauge telemetry,AVAILABLE_OFFICIAL,water_engine/critical_facilities.py,IMPLEMENTED,Storage < 6h triggers immediate pre-emptive emergency tanker dispatch
F090,Dialysis Centre Emergency Water Requirement,Indian Society of Nephrology Hemodialysis Water Standards,A,S. CRITICAL FACILITIES,High-purity RO water required for kidney dialysis machines (500L per patient),ALLOCATION,Active dialysis station count,AVAILABLE_OFFICIAL,water_engine/critical_facilities.py,IMPLEMENTED,Pre-emptive emergency dispatch category
F091,Mumbai Fire Brigade Emergency Standby Buffer,Mumbai Fire Brigade Disaster Action Plan,A,W. EMERGENCY / S. CRITICAL FACILITIES,Mandatory unallocated water cushion reserved at depots for major conflagrations,ALLOCATION,Policy reserve constant,AVAILABLE_OFFICIAL,"water_engine/allocation_optimizer.py, SUP_EMERG_RES",IMPLEMENTED,Enforces 10% non-allocated strategic reserve buffer
F092,Waterborne Epidemic Diarrhea / Cholera Cluster,MCGM Epidemic Cell Ward Disease Surveillance,A,R. HEALTH VULNERABILITY / W. EMERGENCY,Localized surge in hospital acute gastroenteritis admissions in a ward,SCENARIO_CONTEXT,Integrated Disease Surveillance Programme (IDSP) logs,AVAILABLE_OFFICIAL,evaluation/stress_tests.py (Scenario 10),SCENARIO_ONLY,Simulated in stress testing suite
F093,Mass Contamination Sewage Cross-Flow Alert,MCGM Water Quality Dadar Laboratory Alert,A,W. EMERGENCY / G. WATER QUALITY,Presence of sewage back-siphonage into drinking main,NEED/EQUITY,Laboratory chlorine absence & fecal coliform flag,AVAILABLE_OFFICIAL,"water_engine/equity_engine.py, CMP_CONTAM_FLAG",IMPLEMENTED,Immediately locks out pipe and prioritizes emergency tanker relief
F094,Public Transit & Shelter Emergency Water Demand,BMC Disaster Cell Relief Camp Protocols,B,S. CRITICAL FACILITIES,Hydration requirements for temporary flood relief camps and transit stations,SCENARIO_CONTEXT,Camp population,AVAILABLE_OFFICIAL,evaluation/stress_tests.py,SCENARIO_ONLY,Scenario parameter during extreme weather alerts
F095,Municipal School Student Drinking Quota,BMC Education Department Norms,A,S. CRITICAL FACILITIES,Drinking and midday meal water quota for BMC municipal schools (15 LPCD),DEMAND_FORECAST,School enrollment count,AVAILABLE_OFFICIAL,docs/model_cards/02_demand_forecast.md,DOCUMENTED_ONLY,Institutional demand category
F096,Critical Facility Priority Binary Flag,WaterFlow Policy,A,S. CRITICAL FACILITIES,Flag marking whether location is a life-safety critical point,ALLOCATION,Location category,AVAILABLE_OFFICIAL,Merged into F088/F089,DUPLICATE_OR_MERGED,Merged with critical facility lifeline model F088/F089
F097,Active Roadworthy Municipal Tanker Count,BMC Transport & SWM Fleet Registry,A,Y. TANKERS,Number of municipal and contracted water tankers currently in service,RESOURCE_OPTIMIZATION,Daily fleet roster,AVAILABLE_OFFICIAL,"water_engine/routing_optimizer.py, SUP_TANK_FLEET",IMPLEMENTED,Hard vehicle count constraint in fleet optimization
F098,Tanker Volumetric Modular Capacity (10kL vs 3kL),BMC Motor Transport Specification,A,Y. TANKERS,"Payload capacity: 10,000L heavy multi-axle vs 3,000L mini-tanker chassis",ROUTING,Vehicle specification,AVAILABLE_OFFICIAL,"water_engine/routing_optimizer.py, capacity_liters",IMPLEMENTED,Enforces modular packing and load constraints in CVRPTW
F099,Road Network Shortest Path Distance,OpenStreetMap (OSM) Mumbai Road Graph,A,Z. TRANSPORT,True road-network distance from designated depot to delivery location (km),ROUTING,OSM road network graph,AVAILABLE_OFFICIAL,"water_engine/routing_optimizer.py, INF_ROAD_DIST",IMPLEMENTED,Optimized solely in Stage 5 routing; strictly decoupled from need score
F100,Time-of-Day Congestion Traffic Speed,Mumbai Traffic Police Speed Profiles / Google Distance Matrix,B,Z. TRANSPORT,Average arterial travel speeds (14 km/h peak vs 24 km/h off-peak),RESPONSE_TIME,Time of day hourly speed multiplier,AVAILABLE_OFFICIAL,evaluation/response_time_validation.py,IMPLEMENTED,Key driver of dynamic ETA prediction
F101,Depot Gantry Loading Queue Delay,"BMC Filling Depot Operations Records (Mahim, Worli, Ghatkopar)",C,Z. TRANSPORT / F. STORAGE,Estimated queuing wait time at gantry filling bays before loading begins,RESPONSE_TIME,Depot gantry queue minutes,SIMULATED_BENCHMARK,"evaluation/response_time_validation.py, INF_DEPOT_QUEUE",IMPLEMENTED,Dynamic ETA queue parameter (18 min peak vs 6 min off-peak)
F102,Depot Gantry Loading Pumping Duration,"BMC Filling Depot Pump Technical Spec (1,000 LPM pump)",A,Y. TANKERS / F. STORAGE,"Time required to physically pump 10,000L into tanker barrel (~12 minutes)",RESPONSE_TIME,Filling flow rate (LPM),AVAILABLE_OFFICIAL,evaluation/response_time_validation.py,IMPLEMENTED,Fixed operational service turnaround time
F103,Drop Site Hose Unloading & Handover Duration,BMC Tanker Relief Standard Operating Procedure,B,Y. TANKERS,"Time to connect delivery hoses, gravity-drain tank, and obtain citizen OTP signoff",RESPONSE_TIME,Handover minutes (15 min standard),AVAILABLE_OFFICIAL,"water_engine/routing_optimizer.py, unloading_time_minutes",IMPLEMENTED,Delivery stop duration in route planning
F104,Tanker Driver Shift Availability & Mandatory Rest,"Motor Transport Workers Act, 1961",A,Y. TANKERS,Statutory limit on driver continuous operating hours (8-hour shift),ROUTING,Driver biometric duty roster,AVAILABLE_OFFICIAL,docs/model_cards/07_routing_optimizer.md,DOCUMENTED_ONLY,Shift turnover boundary parameter
F105,GPS Transponder Real-Time Coordinates,MCGM VTS (Vehicle Tracking System),A,Y. TANKERS,Real-time latitude/longitude coordinates emitted by vehicle IoT transponder,ROUTING,GPS NMEA stream,AVAILABLE_OFFICIAL,water_engine/routing_optimizer.py,PARTIALLY_IMPLEMENTED,Supported via current_lat/lon in FleetTanker; live continuous streaming mocked
F106,Urban Road Construction / Metro Work Closures,Mumbai Traffic Police Road Diversion Bulletins,A,Z. TRANSPORT,Temporary barricades and lane closures increasing transit circuity,SCENARIO_CONTEXT,Traffic police diversion notices,AVAILABLE_OFFICIAL,evaluation/stress_tests.py (Scenario 08),SCENARIO_ONLY,Tested in Scenario 08 (+60% route penalty)
F107,Euclidean Straight-Line Distance,Cartesian Geometry,C,Z. TRANSPORT,Haversine straight-line distance ignoring road network,ROUTING,Lat/lon pair,AVAILABLE_DERIVED,evaluation/response_time_validation.py,DUPLICATE_OR_MERGED,Replaced by road network shortest path F099; maintained only as baseline
F108,Diesel Fuel Consumption per Tanker Kilometer,BMC Transport Cost Ledgers,B,Y. TANKERS / AB. ECONOMICS,Liters of diesel consumed per vehicle kilometer (approx 3.2 km/L),SCENARIO_CONTEXT,Fuel log receipts,AVAILABLE_OFFICIAL,docs/model_cards/07_routing_optimizer.md,CONTEXT_ONLY,Cost reporting metric
F109,Total Dissolved Solids (TDS) Potability Benchmark,Bureau of Indian Standards IS 10500:2012,A,G. WATER QUALITY,"TDS in mg/L: < 500 acceptable, < 2000 permissible in alternate absence",WATER_QUALITY,TDS conductivity sensor (mg/L),AVAILABLE_OFFICIAL,"water_engine/water_reuse.py, GOV_WQL_TDS",IMPLEMENTED,Directs water to potable vs non-potable tertiary reuse
F110,Free Residual Chlorine at Delivery Point,BIS IS 10500:2012 / CPHEEO Standards,A,G. WATER QUALITY,Active disinfectant chlorine: Min 0.2 mg/L at consumer tap,WATER_QUALITY,Colorimetric DPD test reading,AVAILABLE_OFFICIAL,"water_engine/water_reuse.py, GOV_CHLOR_RESID",IMPLEMENTED,Safety certification gate before tanker unloading
F111,Point of Delivery Water Turbidity (NTU),BIS IS 10500:2012,A,G. WATER QUALITY,"Clarity of delivered water: < 1 NTU acceptable, < 5 NTU permissible",WATER_QUALITY,Nephelometric turbidity reading,AVAILABLE_OFFICIAL,water_engine/water_reuse.py,IMPLEMENTED,Turbidity > 5 NTU locks out delivery to domestic consumers
F112,Pathogen Bacterial Coliform Count,BIS IS 10500:2012 / WHO Guidelines for Drinking-water Quality,A,G. WATER QUALITY,E. coli or thermotolerant coliforms must be ZERO per 100 mL sample,WATER_QUALITY,Bacteriological culture report,AVAILABLE_OFFICIAL,water_engine/water_reuse.py,IMPLEMENTED,Non-negotiable statutory drinking standard
F113,Tertiary Recycled Sewage Treatment Plant (STP) Volume,MCGM Mumbai Sewage Disposal Project (MSDP) Stage II,A,AC. WATER REUSE,Available tertiary treated recycled effluent for non-potable reuse,WATER_QUALITY,STP tertiary output volume (MLD),AVAILABLE_OFFICIAL,water_engine/water_reuse.py,IMPLEMENTED,Substitutes non-potable commercial and construction demand
F114,Coastal Groundwater Borewell Salinity Level,Central Ground Water Board (CGWB) Maharashtra Report,A,E. GROUNDWATER,Salinity and chloride levels in municipal ring wells and borewells,WATER_QUALITY,CGWB coastal monitoring well salinity,AVAILABLE_OFFICIAL,docs/model_cards/08_water_quality_triage.md,DOCUMENTED_ONLY,Prohibits drinking extraction from coastal borewells
F115,Mandatory Ecological River Discharge Flows,National Green Tribunal (NGT) / CWC Directives,A,AE. ENVIRONMENTAL CONSTRAINTS,Minimum environmental discharge required down river downstream of Bhatsa/Vaitarna,ALLOCATION,Environmental release schedule,AVAILABLE_OFFICIAL,data/factor_selection.csv,IMPLEMENTED,Non-negotiable physical deduction in supply balance
F116,Industrial Heavy Metal Effluent Contamination,MPCB Industrial Pollution Monitoring,A,G. WATER QUALITY,"Presence of toxic metals (Lead, Cadmium, Hexavalent Chromium)",WATER_QUALITY,Spectroscopy laboratory assays,AVAILABLE_OFFICIAL,docs/research_evidence.md,DOCUMENTED_ONLY,Statutory potability filter
F117,Water Acidity / Alkalinity (pH Scale),BIS IS 10500:2012 Specification,A,G. WATER QUALITY,Permissible drinking pH range: 6.5 to 8.5,WATER_QUALITY,Electrochemical pH probe,AVAILABLE_OFFICIAL,docs/research_evidence.md,DOCUMENTED_ONLY,Quality assurance standard
F118,Citizen Charter SLA Target Resolution Hours,MCGM Citizen Charter Guidelines,A,X. GOVERNANCE,Statutory municipal target to inspect and resolve water grievances within 24h,NEED/EQUITY,Published citizen charter,AVAILABLE_OFFICIAL,docs/research_evidence.md,DOCUMENTED_ONLY,Defines SLA breach threshold
F119,Bombay High Court Article 21 Water Non-Discrimination Mandate,"High Court of Bombay, PIL No. 10 of 2012 Ruling (Dec 15, 2014)",A,X. GOVERNANCE / FAIRNESS_AUDIT,Judicial ruling ordering municipal water supply to all slums irrespective of land status,FAIRNESS_AUDIT,High Court legal decree,AVAILABLE_OFFICIAL,"docs/research_evidence.md, evaluation/disparity_testing.py",IMPLEMENTED,Legal obligation enforcing zero land-tenure discrimination
F120,Inter-District Dam Water Sharing Agreement,Maharashtra Water Resources Regulatory Authority (MWRRA),A,X. GOVERNANCE / AD. COMPETITION,Treaty allocating Bhatsa/Surya water between Mumbai City and rural Thane/Palghar,ALLOCATION,MWRRA water entitlement orders,AVAILABLE_OFFICIAL,docs/research_evidence.md,DOCUMENTED_ONLY,Macro boundary constraint
F121,Official Municipal Drought Declaration Tier,Revenue & Forest Dept Maharashtra Drought Manual,A,W. EMERGENCY / X. GOVERNANCE,Formal government notification declaring Moderate or Severe Drought,SCENARIO_CONTEXT,Government Gazette notification,AVAILABLE_OFFICIAL,evaluation/stress_tests.py (Scenario 03),SCENARIO_ONLY,Triggers statutory water rationing and tariff surcharges in stress testing
F122,Ward Water Tariff Billing Collection Rate,MCGM Assessment & Collection Department,A,AB. ECONOMICS,Percentage of municipal water tax bills paid by property owners in the ward,FAIRNESS_AUDIT,Tax ledger records,AVAILABLE_OFFICIAL,docs/security_audit.md,REJECTED_WITH_REASON,REJECTED: Unsafe economic proxy / Basic human right to drinking water under Article 21 cannot be denied based on billing arrears
F123,Citizen Voter Turnout & Political Ward Alignment,State Election Commission Maharashtra,A,X. GOVERNANCE,Electoral participation or political party representation of local ward corporator,FAIRNESS_AUDIT,Election commission statistics,AVAILABLE_OFFICIAL,docs/decision_architecture.md,REJECTED_WITH_REASON,REJECTED: Prohibited political proxy / Strictly barred to guarantee impartial municipal decision-making
